File,Sketch,Time-tree_bmc,Size-tree_bmc
f:08-nw:200-ml:10-0.trace,"->(?1,U(p,q))",63.92,5
f:09-nw:200-ml:10-0.trace,"?u1(->(q,?u1(p)))",20.67,5
f:08-nw:100-ml:06-0.trace,"->(?1,?b1(p,q))",12.04,5
f:09-nw:200-ml:14-0.trace,"?u1(->(q,?1))",119.33,4
f:05-nw:025-ml:14-0.trace,"?b1(?1,F(&(p,F(q))))",4.91,7
f:09-nw:050-ml:10-0.trace,"?u1(->(q,?1))",5.72,4
f:03-nw:010-ml:06-0.trace,"?u1(->(q,?1))",1.05,4
f:01-nw:400-ml:14-0.trace,?u1(!(?1)),134.64,3
f:06-nw:010-ml:14-0.trace,"G(&(p,?b1(!(q),?1)))",1.79,7
f:04-nw:400-ml:06-0.trace,?u1(?1),47.35,2
f:01-nw:010-ml:06-0.trace,G(!(?1)),0.16,3
f:03-nw:400-ml:14-0.trace,"G(->(q,?1))",582.23,4
f:03-nw:025-ml:06-0.trace,"?u1(->(q,?u1(!(p))))",1.6,6
f:04-nw:010-ml:14-0.trace,F(?1),0.23,2
f:06-nw:025-ml:14-0.trace,"G(&(p,?b1(!(q),?b2(!(q),&(r,!(q))))))",6.65,13
f:06-nw:400-ml:06-0.trace,"G(&(p,->(!(q),U(!(q),?1))))",71.79,10
f:05-nw:010-ml:14-0.trace,"?b1(G(!(p)),F(?b2(p,F(q))))",2.3,9
f:07-nw:025-ml:14-0.trace,G(?1),0.78,2
f:07-nw:400-ml:06-0.trace,?u1(p),6.24,2
f:02-nw:400-ml:14-0.trace,"?b1(F(q),?b2(!(p),q))",69.85,7
f:02-nw:025-ml:06-0.trace,"->(?1,U(!(p),q))",2.03,6
f:04-nw:025-ml:10-0.trace,F(?1),0.51,2
f:06-nw:010-ml:10-0.trace,"G(&(p,?b1(!(q),?b2(!(q),&(r,!(q))))))",1.9,13
f:01-nw:400-ml:10-0.trace,?u1(!(p)),12.25,3
f:09-nw:050-ml:14-0.trace,"?u1(->(q,?u1(p)))",7.73,5
f:08-nw:050-ml:14-0.trace,"->(?1,U(p,q))",13.6,5
f:05-nw:025-ml:10-0.trace,"?b1(G(!(p)),F(?b2(p,F(q))))",3.94,9
f:07-nw:010-ml:10-0.trace,G(?1),0.18,2
f:02-nw:400-ml:10-0.trace,"->(?1,?b1(!(p),q))",176.27,6
f:05-nw:010-ml:10-0.trace,"?b1(?1,F(&(p,F(q))))",1.2,7
f:06-nw:025-ml:10-0.trace,"G(&(p,?b1(!(q),?1)))",25.74,7
f:09-nw:100-ml:14-0.trace,"?u1(->(q,?1))",43.12,4
f:08-nw:100-ml:10-0.trace,"->(?1,U(p,q))",22.86,5
f:09-nw:100-ml:10-0.trace,"?u1(->(q,?u1(p)))",10.67,5
f:08-nw:200-ml:06-0.trace,"->(?1,?b1(p,q))",31.91,5
f:02-nw:400-ml:06-0.trace,"->(?1,U(!(p),q))",66.24,6
f:02-nw:025-ml:14-0.trace,"?b1(F(q),?b2(!(p),q))",5.01,7
f:07-nw:025-ml:06-0.trace,?u1(p),0.43,2
f:07-nw:400-ml:14-0.trace,G(?1),119.01,2
f:05-nw:010-ml:06-0.trace,"|(?1,F(&(p,F(q))))",0.93,7
f:06-nw:025-ml:06-0.trace,"G(&(p,->(!(q),U(!(q),?1))))",1.44,10
f:06-nw:400-ml:14-0.trace,"G(&(p,?b1(!(q),?b2(!(q),&(r,!(q))))))",103.28,13
f:04-nw:010-ml:06-0.trace,?u1(p),0.22,2
f:03-nw:400-ml:06-0.trace,"?u1(->(q,?u1(!(p))))",24.27,6
f:03-nw:025-ml:14-0.trace,"G(->(q,?1))",13.65,4
f:01-nw:010-ml:14-0.trace,?u1(!(p)),0.47,3
f:04-nw:025-ml:06-0.trace,?u1(?1),0.64,2
f:01-nw:025-ml:14-0.trace,?u1(!(?1)),1.54,3
f:02-nw:010-ml:14-0.trace,"->(?1,?b1(!(p),q))",2.81,6
f:05-nw:400-ml:14-0.trace,"?b1(?1,F(&(p,F(q))))",438.67,7
f:07-nw:010-ml:06-0.trace,?u1(?1),0.23,2
f:01-nw:010-ml:10-0.trace,?u1(!(?1)),0.39,3
f:06-nw:400-ml:10-0.trace,"G(&(p,?b1(!(q),?1)))",636.7,7
f:02-nw:025-ml:10-0.trace,"->(?1,?b1(!(p),q))",4.85,6
f:05-nw:400-ml:10-0.trace,"?b1(G(!(p)),F(?b2(p,F(q))))",60.04,9
f:08-nw:050-ml:06-0.trace,"?b1(F(q),?b2(p,q))",3.69,6
f:02-nw:010-ml:10-0.trace,"?b1(F(q),?b2(!(p),q))",1.37,7
f:03-nw:010-ml:10-0.trace,"G(->(q,?1))",1.32,4
f:09-nw:050-ml:06-0.trace,"G(->(q,?1))",3.66,4
f:01-nw:025-ml:10-0.trace,?u1(!(p)),0.78,3
f:04-nw:400-ml:10-0.trace,F(?1),69.37,2
f:06-nw:100-ml:10-0.trace,"G(&(p,?b1(!(q),?1)))",112.95,7
f:01-nw:200-ml:14-0.trace,?u1(!(?1)),36.4,3
f:04-nw:200-ml:06-0.trace,?u1(?1),13.33,2
f:05-nw:100-ml:10-0.trace,"?b1(G(!(p)),F(?b2(p,F(q))))",15.68,9
f:03-nw:200-ml:14-0.trace,"G(->(q,?1))",190.18,4
f:06-nw:200-ml:06-0.trace,"G(&(p,->(!(q),U(!(q),?1))))",23.93,10
f:07-nw:200-ml:06-0.trace,?u1(p),2.9,2
f:02-nw:200-ml:14-0.trace,"?b1(F(q),?b2(!(p),q))",40.99,7
f:04-nw:100-ml:10-0.trace,F(?1),4.73,2
f:02-nw:100-ml:06-0.trace,"->(?1,U(!(p),q))",10.76,6
f:01-nw:200-ml:10-0.trace,?u1(!(p)),5.8,3
f:07-nw:100-ml:14-0.trace,G(?1),8.03,2
f:06-nw:100-ml:14-0.trace,"G(&(p,?b1(!(q),?b2(!(q),&(r,!(q))))))",26.7,13
f:03-nw:100-ml:06-0.trace,"?u1(->(q,?u1(!(p))))",6.12,6
f:02-nw:200-ml:10-0.trace,"->(?1,?b1(!(p),q))",71.95,6
f:05-nw:100-ml:14-0.trace,"?b1(?1,F(&(p,F(q))))",35.91,7
f:05-nw:050-ml:06-0.trace,"|(?1,F(&(p,F(q))))",5.06,7
f:08-nw:400-ml:10-0.trace,"->(?1,U(p,q))",167.7,5
f:01-nw:050-ml:14-0.trace,?u1(!(p)),2.14,3
f:09-nw:400-ml:10-0.trace,"?u1(->(q,?u1(p)))",41.24,5
f:04-nw:050-ml:06-0.trace,?u1(p),0.84,2
f:07-nw:050-ml:06-0.trace,?u1(?1),1.52,2
f:02-nw:050-ml:14-0.trace,"->(?1,?b1(!(p),q))",16.59,6
f:09-nw:400-ml:14-0.trace,"?u1(->(q,?1))",416.74,4
f:01-nw:050-ml:10-0.trace,?u1(!(?1)),2.49,3
f:08-nw:025-ml:06-0.trace,"->(?1,?b1(p,q))",2.47,5
f:08-nw:010-ml:06-0.trace,"?b1(F(q),?b2(p,q))",0.8,6
f:02-nw:050-ml:10-0.trace,"?b1(F(q),?b2(!(p),q))",6.87,7
f:03-nw:050-ml:10-0.trace,"G(->(q,?1))",19.87,4
f:09-nw:010-ml:06-0.trace,"G(->(q,?1))",0.27,4
f:02-nw:200-ml:06-0.trace,"->(?1,U(!(p),q))",26.87,6
f:07-nw:200-ml:14-0.trace,G(?1),29.94,2
f:01-nw:100-ml:10-0.trace,?u1(!(p)),3.04,3
f:06-nw:200-ml:14-0.trace,"G(&(p,?b1(!(q),?b2(!(q),&(r,!(q))))))",54.43,13
f:03-nw:200-ml:06-0.trace,"?u1(->(q,?u1(!(p))))",12.15,6
f:02-nw:100-ml:10-0.trace,"->(?1,?b1(!(p),q))",25.23,6
f:05-nw:200-ml:14-0.trace,"?b1(?1,F(&(p,F(q))))",113.18,7
f:06-nw:200-ml:10-0.trace,"G(&(p,?b1(!(q),?1)))",261.35,7
f:01-nw:100-ml:14-0.trace,?u1(!(?1)),11.84,3
f:04-nw:100-ml:06-0.trace,?u1(?1),4.08,2
f:03-nw:100-ml:14-0.trace,"G(->(q,?1))",75.96,4
f:05-nw:200-ml:10-0.trace,"?b1(G(!(p)),F(?b2(p,F(q))))",31.41,9
f:06-nw:100-ml:06-0.trace,"G(&(p,->(!(q),U(!(q),?1))))",8.6,10
f:07-nw:100-ml:06-0.trace,?u1(p),1.52,2
f:04-nw:200-ml:10-0.trace,F(?1),17.79,2
f:02-nw:100-ml:14-0.trace,"?b1(F(q),?b2(!(p),q))",19.43,7
f:06-nw:050-ml:14-0.trace,"G(&(p,?b1(!(q),?1)))",13.23,7
f:09-nw:010-ml:10-0.trace,"?u1(->(q,?1))",0.82,4
f:03-nw:050-ml:06-0.trace,"?u1(->(q,?1))",11.61,4
f:04-nw:050-ml:14-0.trace,F(?1),2.4,2
f:09-nw:025-ml:10-0.trace,"?u1(->(q,?u1(p)))",2.67,5
f:01-nw:050-ml:06-0.trace,G(!(?1)),1.02,3
f:08-nw:025-ml:10-0.trace,"->(?1,U(p,q))",4.1,5
f:05-nw:050-ml:14-0.trace,"?b1(G(!(p)),F(?b2(p,F(q))))",12.19,9
f:09-nw:010-ml:14-0.trace,"?u1(->(q,?u1(p)))",1.51,5
f:06-nw:050-ml:10-0.trace,"G(&(p,?b1(!(q),?b2(!(q),&(r,!(q))))))",8.91,13
f:07-nw:050-ml:10-0.trace,G(?1),1.36,2
f:08-nw:010-ml:14-0.trace,"->(?1,U(p,q))",2,5
f:05-nw:050-ml:10-0.trace,"?b1(?1,F(&(p,F(q))))",7.49,7
f:08-nw:400-ml:06-0.trace,"->(?1,?b1(p,q))",75.07,5
f:09-nw:025-ml:14-0.trace,"?u1(->(q,?1))",3.7,4
f:07-nw:100-ml:10-0.trace,?u1(?1),6.06,2
f:05-nw:200-ml:06-0.trace,"?b1(?1,F(&(p,F(q))))",23.56,7
f:04-nw:100-ml:10-0.trace,?u1(p),2.45,2
f:02-nw:200-ml:14-0.trace,"->(?1,U(!(p),q))",123.98,6
f:07-nw:200-ml:06-0.trace,G(?1),11.52,2
f:06-nw:200-ml:06-0.trace,"G(&(p,?b1(!(q),?b2(!(q),&(r,!(q))))))",22.42,13
f:03-nw:200-ml:14-0.trace,"?u1(->(q,?u1(!(p))))",32.23,6
f:05-nw:100-ml:10-0.trace,"|(?1,F(&(p,F(q))))",23.54,7
f:03-nw:100-ml:06-0.trace,"G(->(q,?1))",22.66,4
f:06-nw:100-ml:14-0.trace,"G(&(p,->(!(q),U(!(q),?1))))",34.81,10
f:07-nw:100-ml:14-0.trace,?u1(p),3.68,2
f:01-nw:200-ml:10-0.trace,G(!(?1)),19.09,3
f:02-nw:100-ml:06-0.trace,"?b1(F(q),?b2(!(p),q))",7.4,7
f:03-nw:200-ml:10-0.trace,"?u1(->(q,?1))",116.53,4
f:01-nw:100-ml:06-0.trace,?u1(!(?1)),4.38,3
f:04-nw:100-ml:14-0.trace,?u1(?1),11.1,2
f:04-nw:050-ml:06-0.trace,F(?1),0.99,2
f:01-nw:050-ml:14-0.trace,G(!(?1)),2.53,3
f:09-nw:400-ml:10-0.trace,"G(->(q,?1))",204.01,4
f:08-nw:400-ml:10-0.trace,"?b1(F(q),?b2(p,q))",47.31,6
f:05-nw:050-ml:06-0.trace,"?b1(G(!(p)),F(?b2(p,F(q))))",4.58,9
f:06-nw:050-ml:06-0.trace,"G(&(p,?b1(!(q),?1)))",3.84,7
f:03-nw:050-ml:14-0.trace,"?u1(->(q,?1))",35.36,4
f:08-nw:400-ml:14-0.trace,"->(?1,?b1(p,q))",334.84,5
f:09-nw:025-ml:06-0.trace,"?u1(->(q,?1))",2.32,4
f:09-nw:010-ml:06-0.trace,"?u1(->(q,?u1(p)))",0.61,5
f:03-nw:050-ml:10-0.trace,"?u1(->(q,?u1(!(p))))",5.6,6
f:02-nw:050-ml:10-0.trace,"->(?1,U(!(p),q))",8.69,6
f:08-nw:010-ml:06-0.trace,"->(?1,U(p,q))",0.82,5
f:03-nw:200-ml:06-0.trace,"G(->(q,?1))",51.68,4
f:06-nw:200-ml:14-0.trace,"G(&(p,->(!(q),U(!(q),?1))))",117.17,10
f:01-nw:100-ml:10-0.trace,G(!(?1)),5.22,3
f:07-nw:200-ml:14-0.trace,?u1(p),6.77,2
f:02-nw:200-ml:06-0.trace,"?b1(F(q),?b2(!(p),q))",15.5,7
f:03-nw:100-ml:10-0.trace,"?u1(->(q,?1))",48.52,4
f:01-nw:200-ml:06-0.trace,?u1(!(?1)),13.28,3
f:04-nw:200-ml:14-0.trace,?u1(?1),38.2,2
f:07-nw:200-ml:10-0.trace,?u1(?1),19.29,2
f:05-nw:100-ml:06-0.trace,"?b1(?1,F(&(p,F(q))))",9.29,7
f:02-nw:100-ml:14-0.trace,"->(?1,U(!(p),q))",40.62,6
f:04-nw:200-ml:10-0.trace,?u1(p),4.84,2
f:07-nw:100-ml:06-0.trace,G(?1),3.04,2
f:06-nw:100-ml:06-0.trace,"G(&(p,?b1(!(q),?b2(!(q),&(r,!(q))))))",10.76,13
f:05-nw:200-ml:10-0.trace,"|(?1,F(&(p,F(q))))",64.48,7
f:03-nw:100-ml:14-0.trace,"?u1(->(q,?u1(!(p))))",16.24,6
f:07-nw:050-ml:14-0.trace,?u1(?1),3.7,2
f:08-nw:010-ml:10-0.trace,"->(?1,?b1(p,q))",1.86,5
f:02-nw:050-ml:06-0.trace,"->(?1,?b1(!(p),q))",5.61,6
f:05-nw:050-ml:14-0.trace,"|(?1,F(&(p,F(q))))",15.7,7
f:08-nw:025-ml:10-0.trace,"?b1(F(q),?b2(p,q))",3.28,6
f:09-nw:025-ml:10-0.trace,"G(->(q,?1))",1.41,4
f:01-nw:050-ml:06-0.trace,?u1(!(p)),0.96,3
f:04-nw:050-ml:14-0.trace,?u1(p),1.83,2
f:08-nw:010-ml:14-0.trace,"?b1(F(q),?b2(p,q))",1.85,6
f:07-nw:050-ml:10-0.trace,?u1(p),1.23,2
f:06-nw:050-ml:10-0.trace,"G(&(p,->(!(q),U(!(q),?1))))",6.41,10
f:09-nw:010-ml:14-0.trace,"G(->(q,?1))",0.68,4
f:04-nw:050-ml:10-0.trace,?u1(?1),2.35,2
f:09-nw:400-ml:06-0.trace,"?u1(->(q,?1))",85.91,4
f:08-nw:025-ml:14-0.trace,"->(?1,?b1(p,q))",7.18,5
f:09-nw:200-ml:10-0.trace,"G(->(q,?1))",63.49,4
f:08-nw:200-ml:10-0.trace,"?b1(F(q),?b2(p,q))",27.66,6
f:09-nw:100-ml:06-0.trace,"?u1(->(q,?1))",10.56,4
f:08-nw:200-ml:14-0.trace,"->(?1,?b1(p,q))",133.64,5
f:04-nw:025-ml:14-0.trace,?u1(?1),1.38,2
f:01-nw:025-ml:06-0.trace,?u1(!(?1)),0.67,3
f:08-nw:050-ml:10-0.trace,"->(?1,?b1(p,q))",10.92,5
f:02-nw:010-ml:06-0.trace,"->(?1,?b1(!(p),q))",1.01,6
f:07-nw:010-ml:14-0.trace,?u1(?1),0.5,2
f:05-nw:400-ml:06-0.trace,"?b1(?1,F(&(p,F(q))))",91.03,7
f:02-nw:400-ml:14-0.trace,"->(?1,U(!(p),q))",323.72,6
f:02-nw:025-ml:06-0.trace,"?b1(F(q),?b2(!(p),q))",1.97,7
f:05-nw:010-ml:14-0.trace,"|(?1,F(&(p,F(q))))",2.31,7
f:07-nw:025-ml:14-0.trace,?u1(p),0.97,2
f:07-nw:400-ml:06-0.trace,G(?1),43.94,2
f:04-nw:010-ml:14-0.trace,?u1(p),0.41,2
f:06-nw:025-ml:14-0.trace,"G(&(p,->(!(q),U(!(q),?1))))",4.39,10
f:06-nw:400-ml:06-0.trace,"G(&(p,?b1(!(q),?b2(!(q),&(r,!(q))))))",41.91,13
f:01-nw:010-ml:06-0.trace,?u1(!(p)),0.25,3
f:03-nw:400-ml:14-0.trace,"?u1(->(q,?u1(!(p))))",65.07,6
f:03-nw:025-ml:06-0.trace,"G(->(q,?1))",5.02,4
f:05-nw:025-ml:10-0.trace,"|(?1,F(&(p,F(q))))",4.14,7
f:07-nw:010-ml:10-0.trace,?u1(p),0.33,2
f:08-nw:050-ml:14-0.trace,"?b1(F(q),?b2(p,q))",10,6
f:01-nw:400-ml:10-0.trace,G(!(?1)),69.18,3
f:09-nw:050-ml:14-0.trace,"G(->(q,?1))",7.41,4
f:04-nw:025-ml:10-0.trace,?u1(p),0.7,2
f:06-nw:010-ml:10-0.trace,"G(&(p,->(!(q),U(!(q),?1))))",0.94,10
f:03-nw:400-ml:10-0.trace,"?u1(->(q,?1))",336.61,4
f:04-nw:010-ml:10-0.trace,?u1(?1),0.36,2
f:07-nw:025-ml:10-0.trace,?u1(?1),0.94,2
f:08-nw:100-ml:14-0.trace,"->(?1,?b1(p,q))",45.75,5
f:09-nw:100-ml:10-0.trace,"G(->(q,?1))",20.66,4
f:08-nw:100-ml:10-0.trace,"?b1(F(q),?b2(p,q))",13.67,6
f:09-nw:200-ml:06-0.trace,"?u1(->(q,?1))",29.18,4
f:03-nw:400-ml:06-0.trace,"G(->(q,?1))",121.91,4
f:03-nw:025-ml:14-0.trace,"?u1(->(q,?u1(!(p))))",4.05,6
f:01-nw:010-ml:14-0.trace,G(!(?1)),0.29,3
f:06-nw:025-ml:06-0.trace,"G(&(p,?b1(!(q),?b2(!(q),&(r,!(q))))))",2.6,13
f:06-nw:400-ml:14-0.trace,"G(&(p,->(!(q),U(!(q),?1))))",396.42,10
f:04-nw:010-ml:06-0.trace,F(?1),0.13,2
f:07-nw:025-ml:06-0.trace,G(?1),0.32,2
f:07-nw:400-ml:14-0.trace,?u1(p),14.03,2
f:05-nw:010-ml:06-0.trace,"?b1(G(!(p)),F(?b2(p,F(q))))",1,9
f:02-nw:400-ml:06-0.trace,"?b1(F(q),?b2(!(p),q))",25.95,7
f:02-nw:025-ml:14-0.trace,"->(?1,U(!(p),q))",6.1,6
f:05-nw:025-ml:06-0.trace,"?b1(?1,F(&(p,F(q))))",1.76,7
f:01-nw:400-ml:06-0.trace,?u1(!(?1)),46.21,3
f:03-nw:010-ml:14-0.trace,"?u1(->(q,?1))",2.23,4
f:04-nw:400-ml:14-0.trace,?u1(?1),125.49,2
f:06-nw:010-ml:06-0.trace,"G(&(p,?b1(!(q),?1)))",0.73,7
f:07-nw:400-ml:10-0.trace,?u1(?1),71.25,2
f:03-nw:025-ml:10-0.trace,"?u1(->(q,?1))",10.45,4
f:04-nw:400-ml:10-0.trace,?u1(p),10.61,2
f:09-nw:050-ml:06-0.trace,"?u1(->(q,?u1(p)))",2.64,5
f:03-nw:010-ml:10-0.trace,"?u1(->(q,?u1(!(p))))",1.22,6
f:01-nw:025-ml:10-0.trace,G(!(?1)),0.6,3
f:02-nw:010-ml:10-0.trace,"->(?1,U(!(p),q))",1.42,6
f:08-nw:050-ml:06-0.trace,"->(?1,U(p,q))",4.35,5
f:05-nw:400-ml:10-0.trace,"|(?1,F(&(p,F(q))))",311.85,7
f:05-nw:100-ml:10-0.trace,"?b1(?1,F(&(p,F(q))))",19.21,7
f:02-nw:200-ml:14-0.trace,"->(?1,?b1(!(p),q))",137.79,6
f:07-nw:200-ml:06-0.trace,?u1(?1),12.78,2
f:06-nw:100-ml:10-0.trace,"G(&(p,?b1(!(q),?b2(!(q),&(r,!(q))))))",18.76,13
f:05-nw:200-ml:06-0.trace,"|(?1,F(&(p,F(q))))",28.27,7
f:04-nw:200-ml:06-0.trace,?u1(p),2.84,2
f:01-nw:200-ml:14-0.trace,?u1(!(p)),8.4,3
f:07-nw:100-ml:10-0.trace,G(?1),4.57,2
f:01-nw:100-ml:06-0.trace,G(!(?1)),3.14,3
f:02-nw:200-ml:10-0.trace,"?b1(F(q),?b2(!(p),q))",27.8,7
f:04-nw:100-ml:14-0.trace,F(?1),8.18,2
f:05-nw:100-ml:14-0.trace,"?b1(G(!(p)),F(?b2(p,F(q))))",22.46,9
f:03-nw:200-ml:10-0.trace,"G(->(q,?1))",114.92,4
f:01-nw:200-ml:10-0.trace,?u1(!(?1)),21.78,3
f:03-nw:100-ml:06-0.trace,"?u1(->(q,?1))",24.6,4
f:06-nw:100-ml:14-0.trace,"G(&(p,?b1(!(q),?1)))",36.71,7
f:06-nw:050-ml:06-0.trace,"G(&(p,->(!(q),U(!(q),?1))))",3.44,10
f:03-nw:050-ml:14-0.trace,"G(->(q,?1))",31.09,4
f:02-nw:050-ml:14-0.trace,"?b1(F(q),?b2(!(p),q))",10.37,7
f:07-nw:050-ml:06-0.trace,?u1(p),0.79,2
f:04-nw:050-ml:06-0.trace,?u1(?1),1.53,2
f:01-nw:050-ml:14-0.trace,?u1(!(?1)),3.83,3
f:09-nw:400-ml:10-0.trace,"?u1(->(q,?1))",215.04,4
f:02-nw:050-ml:10-0.trace,"->(?1,?b1(!(p),q))",10.16,6
f:08-nw:010-ml:06-0.trace,"->(?1,?b1(p,q))",1.07,5
f:09-nw:400-ml:14-0.trace,"?u1(->(q,?u1(p)))",59.59,5
f:09-nw:025-ml:06-0.trace,"G(->(q,?1))",1.71,4
f:01-nw:050-ml:10-0.trace,?u1(!(p)),1.46,3
f:08-nw:400-ml:14-0.trace,"->(?1,U(p,q))",317.44,5
f:08-nw:025-ml:06-0.trace,"?b1(F(q),?b2(p,q))",1.81,6
f:01-nw:200-ml:06-0.trace,G(!(?1)),11.16,3
f:04-nw:200-ml:14-0.trace,F(?1),31.2,2
f:02-nw:100-ml:10-0.trace,"?b1(F(q),?b2(!(p),q))",13.44,7
f:03-nw:100-ml:10-0.trace,"G(->(q,?1))",46.14,4
f:05-nw:200-ml:14-0.trace,"?b1(G(!(p)),F(?b2(p,F(q))))",45.18,9
f:01-nw:100-ml:10-0.trace,?u1(!(?1)),7.13,3
f:03-nw:200-ml:06-0.trace,"?u1(->(q,?1))",56.89,4
f:06-nw:200-ml:14-0.trace,"G(&(p,?b1(!(q),?1)))",118.83,7
f:05-nw:200-ml:10-0.trace,"?b1(?1,F(&(p,F(q))))",59.49,7
f:02-nw:100-ml:14-0.trace,"->(?1,?b1(!(p),q))",44.95,6
f:07-nw:100-ml:06-0.trace,?u1(?1),4.21,2
f:06-nw:200-ml:10-0.trace,"G(&(p,?b1(!(q),?b2(!(q),&(r,!(q))))))",36.55,13
f:05-nw:100-ml:06-0.trace,"|(?1,F(&(p,F(q))))",11.43,7
f:04-nw:100-ml:06-0.trace,?u1(p),1.4,2
f:07-nw:200-ml:10-0.trace,G(?1),16.19,2
f:01-nw:100-ml:14-0.trace,?u1(!(p)),4.33,3
f:09-nw:025-ml:10-0.trace,"?u1(->(q,?1))",2.35,4
f:05-nw:050-ml:14-0.trace,"?b1(?1,F(&(p,F(q))))",13.43,7
f:07-nw:050-ml:14-0.trace,G(?1),2.39,2
f:08-nw:010-ml:10-0.trace,"->(?1,U(p,q))",1.42,5
f:02-nw:050-ml:06-0.trace,"->(?1,U(!(p),q))",5.08,6
f:03-nw:050-ml:06-0.trace,"?u1(->(q,?u1(!(p))))",3.09,6
f:09-nw:010-ml:10-0.trace,"?u1(->(q,?u1(p)))",1.13,5
f:06-nw:050-ml:14-0.trace,"G(&(p,?b1(!(q),?b2(!(q),&(r,!(q))))))",13.76,13
f:08-nw:400-ml:06-0.trace,"?b1(F(q),?b2(p,q))",25.77,6
f:08-nw:025-ml:14-0.trace,"->(?1,U(p,q))",5.73,5
f:05-nw:050-ml:10-0.trace,"?b1(G(!(p)),F(?b2(p,F(q))))",8.06,9
f:04-nw:050-ml:10-0.trace,F(?1),1.43,2
f:09-nw:400-ml:06-0.trace,"G(->(q,?1))",75.47,4
f:09-nw:025-ml:14-0.trace,"?u1(->(q,?u1(p)))",3.7,5
f:06-nw:050-ml:10-0.trace,"G(&(p,?b1(!(q),?1)))",53.32,7
f:09-nw:010-ml:14-0.trace,"?u1(->(q,?1))",1.15,4
f:08-nw:100-ml:06-0.trace,"?b1(F(q),?b2(p,q))",7.18,6
f:09-nw:100-ml:06-0.trace,"G(->(q,?1))",8.81,4
f:09-nw:200-ml:10-0.trace,"?u1(->(q,?1))",68.9,4
f:09-nw:200-ml:14-0.trace,"?u1(->(q,?u1(p)))",32.01,5
f:08-nw:200-ml:14-0.trace,"->(?1,U(p,q))",124.62,5
f:06-nw:025-ml:14-0.trace,"G(&(p,?b1(!(q),?1)))",5.3,7
f:03-nw:025-ml:06-0.trace,"?u1(->(q,?1))",5.35,4
f:02-nw:400-ml:14-0.trace,"->(?1,?b1(!(p),q))",335.37,6
f:05-nw:010-ml:14-0.trace,"?b1(?1,F(&(p,F(q))))",1.66,7
f:07-nw:400-ml:06-0.trace,?u1(?1),46.22,2
f:08-nw:050-ml:10-0.trace,"->(?1,U(p,q))",8.92,5
f:02-nw:010-ml:06-0.trace,"->(?1,U(!(p),q))",0.78,6
f:07-nw:010-ml:14-0.trace,G(?1),0.25,2
f:05-nw:400-ml:06-0.trace,"|(?1,F(&(p,F(q))))",144.4,7
f:05-nw:025-ml:14-0.trace,"?b1(G(!(p)),F(?b2(p,F(q))))",6.02,9
f:06-nw:010-ml:14-0.trace,"G(&(p,?b1(!(q),?b2(!(q),&(r,!(q))))))",2.73,13
f:04-nw:400-ml:06-0.trace,?u1(p),5.78,2
f:04-nw:025-ml:14-0.trace,F(?1),0.74,2
f:03-nw:010-ml:06-0.trace,"?u1(->(q,?u1(!(p))))",0.73,6
f:09-nw:050-ml:10-0.trace,"?u1(->(q,?u1(p)))",5.33,5
f:01-nw:025-ml:06-0.trace,G(!(?1)),0.38,3
f:01-nw:400-ml:14-0.trace,?u1(!(p)),17,3
f:07-nw:025-ml:10-0.trace,G(?1),0.49,2
f:05-nw:010-ml:10-0.trace,"?b1(G(!(p)),F(?b2(p,F(q))))",1.71,9
f:02-nw:400-ml:10-0.trace,"?b1(F(q),?b2(!(p),q))",46.69,7
f:03-nw:400-ml:10-0.trace,"G(->(q,?1))",307.59,4
f:06-nw:025-ml:10-0.trace,"G(&(p,?b1(!(q),?b2(!(q),&(r,!(q))))))",4.34,13
f:04-nw:010-ml:10-0.trace,F(?1),0.18,2
f:01-nw:400-ml:10-0.trace,?u1(!(?1)),75.86,3
f:09-nw:050-ml:14-0.trace,"?u1(->(q,?1))",9.92,4
f:06-nw:010-ml:10-0.trace,"G(&(p,?b1(!(q),?1)))",10.36,7
f:05-nw:025-ml:10-0.trace,"?b1(?1,F(&(p,F(q))))",3.1,7
f:09-nw:100-ml:14-0.trace,"?u1(->(q,?u1(p)))",14.89,5
f:08-nw:100-ml:14-0.trace,"->(?1,U(p,q))",38.73,5
f:08-nw:200-ml:06-0.trace,"?b1(F(q),?b2(p,q))",14.18,6
f:09-nw:200-ml:06-0.trace,"G(->(q,?1))",25.24,4
f:09-nw:100-ml:10-0.trace,"?u1(->(q,?1))",23.63,4
f:01-nw:025-ml:14-0.trace,?u1(!(p)),1.09,3
f:01-nw:400-ml:06-0.trace,G(!(?1)),43.43,3
f:03-nw:010-ml:14-0.trace,"G(->(q,?1))",1.78,4
f:04-nw:400-ml:14-0.trace,F(?1),116.04,2
f:04-nw:025-ml:06-0.trace,?u1(p),0.46,2
f:06-nw:010-ml:06-0.trace,"G(&(p,->(!(q),U(!(q),?1))))",0.59,10
f:05-nw:400-ml:14-0.trace,"?b1(G(!(p)),F(?b2(p,F(q))))",93.22,9
f:05-nw:025-ml:06-0.trace,"|(?1,F(&(p,F(q))))",2.35,7
f:07-nw:010-ml:06-0.trace,?u1(p),0.21,2
f:02-nw:010-ml:14-0.trace,"?b1(F(q),?b2(!(p),q))",1.99,7
f:07-nw:025-ml:06-0.trace,?u1(?1),0.58,2
f:02-nw:025-ml:14-0.trace,"->(?1,?b1(!(p),q))",7.5,6
f:03-nw:400-ml:06-0.trace,"?u1(->(q,?1))",133.43,4
f:01-nw:010-ml:14-0.trace,?u1(!(?1)),0.56,3
f:06-nw:400-ml:14-0.trace,"G(&(p,?b1(!(q),?1)))",466.73,7
f:04-nw:010-ml:06-0.trace,?u1(?1),0.26,2
f:02-nw:010-ml:10-0.trace,"->(?1,?b1(!(p),q))",1.92,6
f:08-nw:050-ml:06-0.trace,"->(?1,?b1(p,q))",5.54,5
f:05-nw:400-ml:10-0.trace,"?b1(?1,F(&(p,F(q))))",221.62,7
f:01-nw:025-ml:10-0.trace,?u1(!(?1)),1.06,3
f:06-nw:400-ml:10-0.trace,"G(&(p,?b1(!(q),?b2(!(q),&(r,!(q))))))",73.1,13
f:01-nw:010-ml:10-0.trace,?u1(!(p)),0.35,3
f:03-nw:025-ml:10-0.trace,"G(->(q,?1))",9.44,4
f:02-nw:025-ml:10-0.trace,"?b1(F(q),?b2(!(p),q))",3.62,7
f:07-nw:400-ml:10-0.trace,G(?1),62.89,2
f:09-nw:100-ml:06-0.trace,"?u1(->(q,?u1(p)))",5.23,5
f:08-nw:100-ml:06-0.trace,"->(?1,U(p,q))",10.19,5
f:08-nw:200-ml:10-0.trace,"->(?1,?b1(p,q))",70.92,5
f:08-nw:200-ml:14-0.trace,"?b1(F(q),?b2(p,q))",37.67,6
f:09-nw:200-ml:14-0.trace,"G(->(q,?1))",113.49,4
f:07-nw:025-ml:14-0.trace,?u1(?1),1.56,2
f:02-nw:025-ml:06-0.trace,"->(?1,?b1(!(p),q))",2.46,6
f:01-nw:010-ml:06-0.trace,?u1(!(?1)),0.27,3
f:03-nw:400-ml:14-0.trace,"?u1(->(q,?1))",630.21,4
f:04-nw:010-ml:14-0.trace,?u1(?1),0.47,2
f:06-nw:400-ml:06-0.trace,"G(&(p,?b1(!(q),?1)))",98.11,7
f:09-nw:050-ml:10-0.trace,"G(->(q,?1))",3.91,4
f:03-nw:010-ml:06-0.trace,"G(->(q,?1))",0.81,4
f:01-nw:025-ml:06-0.trace,?u1(!(p)),0.51,3
f:01-nw:400-ml:14-0.trace,G(!(?1)),120.14,3
f:06-nw:010-ml:14-0.trace,"G(&(p,->(!(q),U(!(q),?1))))",1.48,10
f:04-nw:400-ml:06-0.trace,F(?1),43.66,2
f:04-nw:025-ml:14-0.trace,?u1(p),0.91,2
f:07-nw:010-ml:14-0.trace,?u1(p),0.43,2
f:05-nw:400-ml:06-0.trace,"?b1(G(!(p)),F(?b2(p,F(q))))",33.24,9
f:05-nw:025-ml:14-0.trace,"|(?1,F(&(p,F(q))))",6.65,7
f:02-nw:010-ml:06-0.trace,"?b1(F(q),?b2(!(p),q))",0.72,7
f:08-nw:050-ml:10-0.trace,"?b1(F(q),?b2(p,q))",6.52,6
f:06-nw:025-ml:10-0.trace,"G(&(p,->(!(q),U(!(q),?1))))",2.59,10
f:04-nw:010-ml:10-0.trace,?u1(p),0.32,2
f:03-nw:400-ml:10-0.trace,"?u1(->(q,?u1(!(p))))",44.71,6
f:02-nw:400-ml:10-0.trace,"->(?1,U(!(p),q))",157.27,6
f:07-nw:025-ml:10-0.trace,?u1(p),0.71,2
f:05-nw:010-ml:10-0.trace,"|(?1,F(&(p,F(q))))",1.61,7
f:08-nw:050-ml:14-0.trace,"->(?1,?b1(p,q))",16.8,5
f:07-nw:010-ml:10-0.trace,?u1(?1),0.37,2
f:04-nw:025-ml:10-0.trace,?u1(?1),0.92,2
f:08-nw:100-ml:14-0.trace,"?b1(F(q),?b2(p,q))",19.95,6
f:09-nw:100-ml:14-0.trace,"G(->(q,?1))",38.1,4
f:09-nw:200-ml:06-0.trace,"?u1(->(q,?u1(p)))",10.94,5
f:08-nw:200-ml:06-0.trace,"->(?1,U(p,q))",26.8,5
f:08-nw:100-ml:10-0.trace,"->(?1,?b1(p,q))",25.81,5
f:02-nw:010-ml:14-0.trace,"->(?1,U(!(p),q))",2.1,6
f:05-nw:400-ml:14-0.trace,"|(?1,F(&(p,F(q))))",602.57,7
f:05-nw:025-ml:06-0.trace,"?b1(G(!(p)),F(?b2(p,F(q))))",2.29,9
f:07-nw:010-ml:06-0.trace,G(?1),0.12,2
f:04-nw:400-ml:14-0.trace,?u1(p),14.23,2
f:04-nw:025-ml:06-0.trace,F(?1),0.34,2
f:06-nw:010-ml:06-0.trace,"G(&(p,?b1(!(q),?b2(!(q),&(r,!(q))))))",1.15,13
f:01-nw:025-ml:14-0.trace,G(!(?1)),0.9,3
f:01-nw:400-ml:06-0.trace,?u1(!(p)),6.54,3
f:03-nw:010-ml:14-0.trace,"?u1(->(q,?u1(!(p))))",1.56,6
f:06-nw:025-ml:06-0.trace,"G(&(p,?b1(!(q),?1)))",1.77,7
f:03-nw:025-ml:14-0.trace,"?u1(->(q,?1))",15.92,4
f:02-nw:400-ml:06-0.trace,"->(?1,?b1(!(p),q))",76.77,6
f:07-nw:400-ml:14-0.trace,?u1(?1),125.93,2
f:05-nw:010-ml:06-0.trace,"?b1(?1,F(&(p,F(q))))",0.69,7
f:03-nw:010-ml:10-0.trace,"?u1(->(q,?1))",1.67,4
f:09-nw:050-ml:06-0.trace,"?u1(->(q,?1))",4.42,4
f:04-nw:400-ml:10-0.trace,?u1(?1),74.58,2
f:07-nw:400-ml:10-0.trace,?u1(p),10.16,2
f:02-nw:025-ml:10-0.trace,"->(?1,U(!(p),q))",3.85,6
f:01-nw:010-ml:10-0.trace,G(!(?1)),0.21,3
f:03-nw:025-ml:10-0.trace,"?u1(->(q,?u1(!(p))))",2.78,6
f:06-nw:400-ml:10-0.trace,"G(&(p,->(!(q),U(!(q),?1))))",187.51,10
f:04-nw:100-ml:10-0.trace,?u1(?1),6.18,2
f:03-nw:200-ml:14-0.trace,"?u1(->(q,?1))",215.85,4
f:06-nw:200-ml:06-0.trace,"G(&(p,?b1(!(q),?1)))",36.58,7
f:07-nw:100-ml:10-0.trace,?u1(p),2.3,2
f:01-nw:200-ml:14-0.trace,G(!(?1)),32.54,3
f:04-nw:200-ml:06-0.trace,F(?1),11.72,2
f:05-nw:200-ml:06-0.trace,"?b1(G(!(p)),F(?b2(p,F(q))))",16.79,9
f:06-nw:100-ml:10-0.trace,"G(&(p,->(!(q),U(!(q),?1))))",17.55,10
f:03-nw:200-ml:10-0.trace,"?u1(->(q,?u1(!(p))))",22.48,6
f:05-nw:100-ml:14-0.trace,"|(?1,F(&(p,F(q))))",43.62,7
f:04-nw:100-ml:14-0.trace,?u1(p),3.73,2
f:02-nw:200-ml:10-0.trace,"->(?1,U(!(p),q))",64.61,6
f:01-nw:100-ml:06-0.trace,?u1(!(p)),1.75,3
f:02-nw:100-ml:06-0.trace,"->(?1,?b1(!(p),q))",13.12,6
f:07-nw:100-ml:14-0.trace,?u1(?1),11.08,2
f:07-nw:050-ml:06-0.trace,G(?1),1.2,2
f:02-nw:050-ml:14-0.trace,"->(?1,U(!(p),q))",14.33,6
f:03-nw:050-ml:14-0.trace,"?u1(->(q,?u1(!(p))))",7.97,6
f:06-nw:050-ml:06-0.trace,"G(&(p,?b1(!(q),?b2(!(q),&(r,!(q))))))",5.17,13
f:05-nw:050-ml:06-0.trace,"?b1(?1,F(&(p,F(q))))",3.85,7
f:08-nw:400-ml:10-0.trace,"->(?1,?b1(p,q))",177.11,5
f:03-nw:050-ml:10-0.trace,"?u1(->(q,?1))",22.37,4
f:09-nw:010-ml:06-0.trace,"?u1(->(q,?1))",0.4,4
f:08-nw:400-ml:14-0.trace,"?b1(F(q),?b2(p,q))",66.57,6
f:08-nw:025-ml:06-0.trace,"->(?1,U(p,q))",1.98,5
f:09-nw:400-ml:14-0.trace,"G(->(q,?1))",416.33,4
f:09-nw:025-ml:06-0.trace,"?u1(->(q,?u1(p)))",1.38,5
f:01-nw:050-ml:10-0.trace,G(!(?1)),1.64,3
f:05-nw:200-ml:14-0.trace,"|(?1,F(&(p,F(q))))",127.16,7
f:03-nw:100-ml:10-0.trace,"?u1(->(q,?u1(!(p))))",11.39,6
f:02-nw:100-ml:10-0.trace,"->(?1,U(!(p),q))",22.35,6
f:04-nw:200-ml:14-0.trace,?u1(p),7.63,2
f:01-nw:200-ml:06-0.trace,?u1(!(p)),3.41,3
f:02-nw:200-ml:06-0.trace,"->(?1,?b1(!(p),q))",32.29,6
f:07-nw:200-ml:14-0.trace,?u1(?1),36.55,2
f:04-nw:200-ml:10-0.trace,?u1(?1),20.92,2
f:03-nw:100-ml:14-0.trace,"?u1(->(q,?1))",81.29,4
f:06-nw:100-ml:06-0.trace,"G(&(p,?b1(!(q),?1)))",14.95,7
f:01-nw:100-ml:14-0.trace,G(!(?1)),9.05,3
f:07-nw:200-ml:10-0.trace,?u1(p),4.66,2
f:04-nw:100-ml:06-0.trace,F(?1),3.17,2
f:05-nw:100-ml:06-0.trace,"?b1(G(!(p)),F(?b2(p,F(q))))",9.06,9
f:06-nw:200-ml:10-0.trace,"G(&(p,->(!(q),U(!(q),?1))))",58.41,10
f:08-nw:025-ml:10-0.trace,"->(?1,?b1(p,q))",4.9,5
f:04-nw:050-ml:14-0.trace,?u1(?1),3.67,2
f:01-nw:050-ml:06-0.trace,?u1(!(?1)),1.49,3
f:06-nw:050-ml:14-0.trace,"G(&(p,->(!(q),U(!(q),?1))))",12,10
f:09-nw:010-ml:10-0.trace,"G(->(q,?1))",0.46,4
f:03-nw:050-ml:06-0.trace,"G(->(q,?1))",10.67,4
f:02-nw:050-ml:06-0.trace,"?b1(F(q),?b2(!(p),q))",3.88,7
f:08-nw:010-ml:10-0.trace,"?b1(F(q),?b2(p,q))",1.46,6
f:07-nw:050-ml:14-0.trace,?u1(p),1.88,2
f:09-nw:400-ml:06-0.trace,"?u1(->(q,?u1(p)))",23.18,5
f:09-nw:025-ml:14-0.trace,"G(->(q,?1))",2.35,4
f:04-nw:050-ml:10-0.trace,?u1(p),1.29,2
f:05-nw:050-ml:10-0.trace,"|(?1,F(&(p,F(q))))",9.52,7
f:08-nw:400-ml:06-0.trace,"->(?1,U(p,q))",66.25,5
f:08-nw:025-ml:14-0.trace,"?b1(F(q),?b2(p,q))",4.89,6
f:07-nw:050-ml:10-0.trace,?u1(?1),2.19,2
f:08-nw:010-ml:14-0.trace,"->(?1,?b1(p,q))",2.64,5
