File name,Algo type,Original Formula,Sketch,Total time,Completed sketch,Final size,Verified
f:09-nw:400-ml:06-0.trace,tree-suf,"G(->(q,G(p)))","G(->(q,?1))",57.22,"G(->(q,G(p)))",4,TRUE
f:09-nw:025-ml:14-0.trace,tree-suf,"G(->(q,G(p)))","?u1(->(q,?u1(p)))",5.90,"G(->(q,G(p)))",5,TRUE
f:04-nw:050-ml:10-0.trace,tree-suf,F(p),F(?1),1.03,F(p),2,TRUE
f:05-nw:050-ml:10-0.trace,tree-suf,"|(G(!(p)),F(&(p,F(q))))","?b1(G(!(p)),F(?b2(p,F(q))))",12.89,"U(G(!(p)),F(&(p,F(q))))",9,TRUE
f:08-nw:400-ml:06-0.trace,tree-suf,"->(F(q),U(p,q))","?b1(F(q),?b2(p,q))",53.46,"->(F(q),U(p,q))",6,TRUE
f:08-nw:025-ml:14-0.trace,tree-suf,"->(F(q),U(p,q))","->(?1,U(p,q))",10.00,"->(F(q),U(p,q))",5,TRUE
f:03-nw:200-ml:06-0.trace,tree-suf-bmc,"G(->(q,G(!(p))))","?u1(->(q,?u1(!(p))))",16.38,"G(->(q,G(!(p))))",6,TRUE
f:05-nw:050-ml:14-0.trace,tree-suf-bmc,"|(G(!(p)),F(&(p,F(q))))","?b1(G(!(p)),F(?b2(p,F(q))))",14.62,"U(G(!(p)),F(&(p,F(q))))",9,TRUE
f:05-nw:025-ml:14-0.trace,tree-suf-bmc,"|(G(!(p)),F(&(p,F(q))))","?b1(G(!(p)),F(?b2(p,F(q))))",6.40,"|(G(!(p)),F(&(p,F(q))))",9,TRUE
f:05-nw:010-ml:06-0.trace,tree-suf-bmc,"|(G(!(p)),F(&(p,F(q))))","?b1(G(!(p)),F(?b2(p,F(q))))",0.83,"|(G(!(p)),F(&(p,F(q))))",9,TRUE
f:06-nw:010-ml:10-0.trace,tree-suf-bmc,"G(&(p,->(!(q),U(!(q),&(r,!(q))))))","G(&(p,->(!(q),U(!(q),?1))))",0.88,"G(&(p,->(!(q),U(!(q),r))))",10,TRUE
f:06-nw:050-ml:14-0.trace,tree-suf,"G(&(p,->(!(q),U(!(q),&(r,!(q))))))","G(&(p,?b1(!(q),?b2(!(q),&(r,!(q))))))",32.91,"G(&(p,U(!(q),->(!(q),&(r,!(q))))))",13,TRUE
f:04-nw:100-ml:14-0.trace,tree-suf-bmc,F(p),F(?1),6.44,F(p),2,TRUE
f:09-nw:010-ml:10-0.trace,tree-suf,"G(->(q,G(p)))","?u1(->(q,?u1(p)))",1.48,"G(->(q,G(p)))",5,TRUE
f:03-nw:050-ml:06-0.trace,tree-suf,"G(->(q,G(!(p))))","?u1(->(q,?u1(!(p))))",2.81,"G(->(q,G(!(p))))",6,TRUE
f:09-nw:200-ml:06-0.trace,tree-suf-bmc,"G(->(q,G(p)))","G(->(q,?1))",17.01,"G(->(q,G(p)))",4,TRUE
f:02-nw:050-ml:06-0.trace,tree-suf,"->(F(q),U(!(p),q))","->(?1,U(!(p),q))",3.70,"->(F(q),U(!(p),q))",6,TRUE
f:08-nw:010-ml:10-0.trace,tree-suf,"->(F(q),U(p,q))","->(?1,U(p,q))",2.12,"->(F(q),U(p,q))",5,TRUE
f:05-nw:400-ml:14-0.trace,tree-suf-bmc,"|(G(!(p)),F(&(p,F(q))))","?b1(G(!(p)),F(?b2(p,F(q))))",372.02,"|(G(!(p)),F(&(p,F(q))))",9,TRUE
f:07-nw:050-ml:14-0.trace,tree-suf,G(p),G(?1),2.06,G(p),2,TRUE
f:04-nw:010-ml:14-0.trace,tree-suf-bmc,F(p),?u1(p),0.42,F(p),2,TRUE
f:04-nw:400-ml:06-0.trace,tree-suf-bmc,F(p),?u1(p),16.90,F(p),2,TRUE
f:08-nw:200-ml:14-0.trace,tree-suf-bmc,"->(F(q),U(p,q))","->(?1,U(p,q))",109.28,"->(F(q),U(p,q))",5,TRUE
f:06-nw:100-ml:10-0.trace,tree-suf-bmc,"G(&(p,->(!(q),U(!(q),&(r,!(q))))))","G(&(p,?b1(!(q),?b2(!(q),&(r,!(q))))))",24.20,"G(&(p,->(!(q),U(!(q),&(r,!(q))))))",13,TRUE
f:01-nw:100-ml:14-0.trace,tree-suf,G(!(p)),?u1(!(p)),10.06,G(!(p)),3,TRUE
f:07-nw:200-ml:10-0.trace,tree-suf,G(p),G(?1),9.81,G(p),2,TRUE
f:04-nw:100-ml:06-0.trace,tree-suf,F(p),?u1(p),1.47,F(p),2,TRUE
f:05-nw:100-ml:06-0.trace,tree-suf,"|(G(!(p)),F(&(p,F(q))))","|(?1,F(&(p,F(q))))",8.71,"|(G(q),F(&(p,F(q))))",7,TRUE
f:07-nw:400-ml:10-0.trace,tree-suf-bmc,G(p),G(?1),38.73,G(p),2,TRUE
f:05-nw:100-ml:06-0.trace,tree-suf-bmc,"|(G(!(p)),F(&(p,F(q))))","|(?1,F(&(p,F(q))))",7.66,"|(G(q),F(&(p,F(q))))",7,TRUE
f:06-nw:200-ml:10-0.trace,tree-suf,"G(&(p,->(!(q),U(!(q),&(r,!(q))))))","G(&(p,?b1(!(q),?b2(!(q),&(r,!(q))))))",88.38,"G(&(p,->(!(q),U(!(q),&(r,!(q))))))",13,TRUE
f:05-nw:200-ml:14-0.trace,tree-suf,"|(G(!(p)),F(&(p,F(q))))","?b1(G(!(p)),F(?b2(p,F(q))))",177.93,"|(G(!(p)),F(&(p,F(q))))",9,TRUE
f:03-nw:100-ml:10-0.trace,tree-suf,"G(->(q,G(!(p))))","G(->(q,?1))",49.04,"G(->(q,G(!(p))))",4,TRUE
f:02-nw:100-ml:10-0.trace,tree-suf,"->(F(q),U(!(p),q))","?b1(F(q),?b2(!(p),q))",26.52,"->(F(q),&(!(p),q))",7,TRUE
f:04-nw:200-ml:14-0.trace,tree-suf,F(p),F(?1),25.81,F(p),2,TRUE
f:01-nw:200-ml:06-0.trace,tree-suf,G(!(p)),G(!(?1)),4.07,G(!(p)),3,TRUE
f:07-nw:025-ml:10-0.trace,tree-suf-bmc,G(p),G(?1),0.32,G(p),2,TRUE
f:07-nw:050-ml:10-0.trace,tree-suf-bmc,G(p),G(?1),0.76,G(p),2,TRUE
f:04-nw:050-ml:06-0.trace,tree-suf-bmc,F(p),?u1(p),0.58,F(p),2,TRUE
f:04-nw:025-ml:06-0.trace,tree-suf-bmc,F(p),?u1(p),0.31,F(p),2,TRUE
f:02-nw:200-ml:14-0.trace,tree-suf-bmc,"->(F(q),U(!(p),q))","?b1(F(q),?b2(!(p),q))",109.12,"->(F(q),U(!(p),q))",7,TRUE
f:08-nw:010-ml:06-0.trace,tree-suf-bmc,"->(F(q),U(p,q))","->(?1,U(p,q))",0.62,"->(F(q),U(p,q))",5,TRUE
f:08-nw:400-ml:14-0.trace,tree-suf,"->(F(q),U(p,q))","->(?1,U(p,q))",371.45,"->(F(q),U(p,q))",5,TRUE
f:09-nw:100-ml:14-0.trace,tree-suf-bmc,"G(->(q,G(p)))","?u1(->(q,?u1(p)))",31.76,"G(->(q,G(p)))",5,TRUE
f:08-nw:025-ml:06-0.trace,tree-suf,"->(F(q),U(p,q))","?b1(F(q),?b2(p,q))",1.73,"->(F(q),&(p,q))",6,TRUE
f:07-nw:200-ml:10-0.trace,tree-suf-bmc,G(p),G(?1),9.20,G(p),2,TRUE
f:08-nw:400-ml:14-0.trace,tree-suf-bmc,"->(F(q),U(p,q))","->(?1,U(p,q))",300.05,"->(F(q),U(p,q))",5,TRUE
f:02-nw:050-ml:14-0.trace,tree-suf-bmc,"->(F(q),U(!(p),q))","?b1(F(q),?b2(!(p),q))",13.10,"->(F(q),&(!(p),q))",7,TRUE
f:02-nw:025-ml:14-0.trace,tree-suf-bmc,"->(F(q),U(!(p),q))","?b1(F(q),?b2(!(p),q))",5.82,"->(F(q),&(!(p),q))",7,TRUE
f:01-nw:050-ml:10-0.trace,tree-suf,G(!(p)),?u1(!(p)),1.66,G(!(p)),3,TRUE
f:04-nw:200-ml:06-0.trace,tree-suf-bmc,F(p),?u1(p),4.61,F(p),2,TRUE
f:09-nw:400-ml:14-0.trace,tree-suf,"G(->(q,G(p)))","?u1(->(q,?u1(p)))",375.39,"G(->(q,G(p)))",5,TRUE
f:09-nw:025-ml:06-0.trace,tree-suf,"G(->(q,G(p)))","G(->(q,?1))",1.40,"G(->(q,G(p)))",4,TRUE
f:07-nw:050-ml:06-0.trace,tree-suf,G(p),?u1(p),0.67,G(p),2,TRUE
f:01-nw:010-ml:10-0.trace,tree-suf-bmc,G(!(p)),G(!(?1)),0.16,G(!(p)),3,TRUE
f:02-nw:050-ml:14-0.trace,tree-suf,"->(F(q),U(!(p),q))","?b1(F(q),?b2(!(p),q))",24.67,"->(F(q),&(!(p),q))",7,TRUE
f:02-nw:010-ml:06-0.trace,tree-suf-bmc,"->(F(q),U(!(p),q))","?b1(F(q),?b2(!(p),q))",0.56,"->(F(q),U(!(p),q))",7,TRUE
f:03-nw:050-ml:14-0.trace,tree-suf,"G(->(q,G(!(p))))","G(->(q,?1))",49.41,"G(->(q,G(!(p))))",4,TRUE
f:06-nw:050-ml:06-0.trace,tree-suf,"G(&(p,->(!(q),U(!(q),&(r,!(q))))))","G(&(p,->(!(q),U(!(q),?1))))",3.30,"G(&(p,->(!(q),U(!(q),p))))",10,TRUE
f:02-nw:400-ml:14-0.trace,tree-suf-bmc,"->(F(q),U(!(p),q))","?b1(F(q),?b2(!(p),q))",287.77,"->(F(q),U(!(p),q))",7,TRUE
f:08-nw:050-ml:14-0.trace,tree-suf-bmc,"->(F(q),U(p,q))","->(?1,U(p,q))",12.80,"->(F(q),U(p,q))",5,TRUE
f:08-nw:025-ml:14-0.trace,tree-suf-bmc,"->(F(q),U(p,q))","->(?1,U(p,q))",5.37,"->(F(q),U(p,q))",5,TRUE
f:03-nw:100-ml:14-0.trace,tree-suf-bmc,"G(->(q,G(!(p))))","G(->(q,?1))",64.33,"G(->(q,!(F(p))))",4,TRUE
f:03-nw:010-ml:14-0.trace,tree-suf-bmc,"G(->(q,G(!(p))))","?u1(->(q,?u1(!(p))))",1.50,"G(->(q,G(!(p))))",6,TRUE
f:03-nw:200-ml:10-0.trace,tree-suf,"G(->(q,G(!(p))))","G(->(q,?1))",103.75,"G(->(q,!(F(p))))",4,TRUE
f:05-nw:100-ml:14-0.trace,tree-suf,"|(G(!(p)),F(&(p,F(q))))","?b1(G(!(p)),F(?b2(p,F(q))))",65.11,"U(G(!(p)),F(&(p,F(q))))",9,TRUE
f:04-nw:100-ml:14-0.trace,tree-suf,F(p),F(?1),7.04,F(p),2,TRUE
f:02-nw:200-ml:10-0.trace,tree-suf,"->(F(q),U(!(p),q))","?b1(F(q),?b2(!(p),q))",71.61,"->(F(q),U(!(p),q))",7,TRUE
f:01-nw:100-ml:06-0.trace,tree-suf,G(!(p)),G(!(?1)),1.27,G(!(p)),3,TRUE
f:02-nw:100-ml:06-0.trace,tree-suf-bmc,"->(F(q),U(!(p),q))","->(?1,U(!(p),q))",6.12,"->(F(q),U(!(p),q))",6,TRUE
f:01-nw:100-ml:10-0.trace,tree-suf-bmc,G(!(p)),?u1(!(p)),4.02,G(!(p)),3,TRUE
f:09-nw:050-ml:06-0.trace,tree-suf-bmc,"G(->(q,G(p)))","G(->(q,?1))",2.64,"G(->(q,G(p)))",4,TRUE
f:03-nw:400-ml:06-0.trace,tree-suf-bmc,"G(->(q,G(!(p))))","?u1(->(q,?u1(!(p))))",52.25,"G(->(q,G(!(p))))",6,TRUE
f:09-nw:025-ml:06-0.trace,tree-suf-bmc,"G(->(q,G(p)))","G(->(q,?1))",1.28,"G(->(q,G(p)))",4,TRUE
f:09-nw:010-ml:14-0.trace,tree-suf-bmc,"G(->(q,G(p)))","G(->(q,?1))",0.66,"G(->(q,p))",4,TRUE
f:07-nw:100-ml:10-0.trace,tree-suf,G(p),G(?1),2.85,G(p),2,TRUE
f:01-nw:200-ml:14-0.trace,tree-suf,G(!(p)),?u1(!(p)),29.50,G(!(p)),3,TRUE
f:05-nw:200-ml:14-0.trace,tree-suf-bmc,"|(G(!(p)),F(&(p,F(q))))","?b1(G(!(p)),F(?b2(p,F(q))))",114.69,"|(G(!(p)),F(&(p,F(q))))",9,TRUE
f:03-nw:050-ml:06-0.trace,tree-suf-bmc,"G(->(q,G(!(p))))","?u1(->(q,?u1(!(p))))",2.49,"G(->(q,G(!(p))))",6,TRUE
f:09-nw:400-ml:06-0.trace,tree-suf-bmc,"G(->(q,G(p)))","G(->(q,?1))",56.19,"G(->(q,G(p)))",4,TRUE
f:03-nw:025-ml:06-0.trace,tree-suf-bmc,"G(->(q,G(!(p))))","?u1(->(q,?u1(!(p))))",1.19,"G(->(q,G(!(p))))",6,TRUE
f:04-nw:200-ml:06-0.trace,tree-suf,F(p),?u1(p),4.91,F(p),2,TRUE
f:08-nw:100-ml:06-0.trace,tree-suf-bmc,"->(F(q),U(p,q))","?b1(F(q),?b2(p,q))",6.22,"->(F(q),U(p,q))",6,TRUE
f:05-nw:200-ml:06-0.trace,tree-suf,"|(G(!(p)),F(&(p,F(q))))","|(?1,F(&(p,F(q))))",19.45,"|(G(q),F(&(p,F(q))))",7,TRUE
f:06-nw:100-ml:10-0.trace,tree-suf,"G(&(p,->(!(q),U(!(q),&(r,!(q))))))","G(&(p,?b1(!(q),?b2(!(q),&(r,!(q))))))",34.57,"G(&(p,->(!(q),U(!(q),&(r,!(q))))))",13,TRUE
f:01-nw:400-ml:14-0.trace,tree-suf-bmc,G(!(p)),G(!(?1)),97.11,G(!(p)),3,TRUE
f:07-nw:400-ml:10-0.trace,tree-suf,G(p),G(?1),40.95,G(p),2,TRUE
f:01-nw:010-ml:06-0.trace,tree-suf-bmc,G(!(p)),G(!(?1)),0.10,G(!(p)),3,TRUE
f:02-nw:025-ml:10-0.trace,tree-suf,"->(F(q),U(!(p),q))","?b1(F(q),?b2(!(p),q))",5.78,"->(F(q),&(!(p),q))",7,TRUE
f:03-nw:025-ml:10-0.trace,tree-suf,"G(->(q,G(!(p))))","G(->(q,?1))",11.07,"G(->(q,!(F(p))))",4,TRUE
f:01-nw:010-ml:10-0.trace,tree-suf,G(!(p)),?u1(!(p)),0.35,G(!(p)),3,TRUE
f:06-nw:400-ml:10-0.trace,tree-suf,"G(&(p,->(!(q),U(!(q),&(r,!(q))))))","G(&(p,?b1(!(q),?b2(!(q),&(r,!(q))))))",226.44,"G(&(p,->(!(q),U(!(q),&(r,!(q))))))",13,TRUE
f:02-nw:010-ml:10-0.trace,tree-suf-bmc,"->(F(q),U(!(p),q))","?b1(F(q),?b2(!(p),q))",1.38,"->(F(q),U(!(p),q))",7,TRUE
f:02-nw:010-ml:14-0.trace,tree-suf,"->(F(q),U(!(p),q))","?b1(F(q),?b2(!(p),q))",5.11,"->(F(q),&(!(p),q))",7,TRUE
f:07-nw:200-ml:06-0.trace,tree-suf-bmc,G(p),G(?1),3.95,G(p),2,TRUE
f:07-nw:010-ml:06-0.trace,tree-suf,G(p),?u1(p),0.16,G(p),2,TRUE
f:05-nw:400-ml:14-0.trace,tree-suf,"|(G(!(p)),F(&(p,F(q))))","?b1(G(!(p)),F(?b2(p,F(q))))",452.35,"|(G(!(p)),F(&(p,F(q))))",9,TRUE
f:01-nw:025-ml:14-0.trace,tree-suf-bmc,G(!(p)),G(!(?1)),0.69,G(!(p)),3,TRUE
f:05-nw:025-ml:06-0.trace,tree-suf,"|(G(!(p)),F(&(p,F(q))))","|(?1,F(&(p,F(q))))",1.93,"|(G(p),F(&(p,F(q))))",7,TRUE
f:01-nw:050-ml:14-0.trace,tree-suf-bmc,G(!(p)),G(!(?1)),1.88,G(!(p)),3,TRUE
f:04-nw:200-ml:10-0.trace,tree-suf-bmc,F(p),?u1(p),12.22,F(p),2,TRUE
f:06-nw:010-ml:06-0.trace,tree-suf,"G(&(p,->(!(q),U(!(q),&(r,!(q))))))","G(&(p,->(!(q),U(!(q),?1))))",0.69,"G(&(p,->(!(q),U(!(q),p))))",10,TRUE
f:04-nw:400-ml:14-0.trace,tree-suf,F(p),F(?1),95.98,F(p),2,TRUE
f:04-nw:025-ml:06-0.trace,tree-suf,F(p),?u1(p),0.34,F(p),2,TRUE
f:03-nw:010-ml:14-0.trace,tree-suf,"G(->(q,G(!(p))))","G(->(q,?1))",2.56,"G(->(q,!(p)))",4,TRUE
f:01-nw:025-ml:14-0.trace,tree-suf,G(!(p)),?u1(!(p)),1.53,G(!(p)),3,TRUE
f:01-nw:400-ml:06-0.trace,tree-suf,G(!(p)),G(!(?1)),14.18,G(!(p)),3,TRUE
f:08-nw:010-ml:10-0.trace,tree-suf-bmc,"->(F(q),U(p,q))","->(?1,U(p,q))",1.27,"->(F(q),U(p,q))",5,TRUE
f:09-nw:400-ml:10-0.trace,tree-suf-bmc,"G(->(q,G(p)))","G(->(q,?1))",170.88,"G(->(q,G(p)))",4,TRUE
f:03-nw:050-ml:10-0.trace,tree-suf-bmc,"G(->(q,G(!(p))))","?u1(->(q,?u1(!(p))))",6.49,"G(->(q,G(!(p))))",6,TRUE
f:03-nw:025-ml:10-0.trace,tree-suf-bmc,"G(->(q,G(!(p))))","?u1(->(q,?u1(!(p))))",2.93,"G(->(q,G(!(p))))",6,TRUE
f:09-nw:200-ml:06-0.trace,tree-suf,"G(->(q,G(p)))","G(->(q,?1))",17.80,"G(->(q,G(p)))",4,TRUE
f:08-nw:100-ml:10-0.trace,tree-suf-bmc,"->(F(q),U(p,q))","?b1(F(q),?b2(p,q))",17.72,"->(F(q),U(p,q))",6,TRUE
f:06-nw:200-ml:14-0.trace,tree-suf-bmc,"G(&(p,->(!(q),U(!(q),&(r,!(q))))))","G(&(p,->(!(q),U(!(q),?1))))",104.52,"G(&(p,->(!(q),U(!(q),p))))",10,TRUE
f:08-nw:200-ml:06-0.trace,tree-suf,"->(F(q),U(p,q))","?b1(F(q),?b2(p,q))",21.71,"->(F(q),U(p,q))",6,TRUE
f:02-nw:100-ml:10-0.trace,tree-suf-bmc,"->(F(q),U(!(p),q))","->(?1,U(!(p),q))",17.51,"->(F(q),U(!(p),q))",6,TRUE
f:03-nw:400-ml:10-0.trace,tree-suf-bmc,"G(->(q,G(!(p))))","?u1(->(q,?u1(!(p))))",172.92,"G(->(q,G(!(p))))",6,TRUE
f:09-nw:050-ml:10-0.trace,tree-suf-bmc,"G(->(q,G(p)))","G(->(q,?1))",3.39,"G(->(q,p))",4,TRUE
f:09-nw:025-ml:10-0.trace,tree-suf-bmc,"G(->(q,G(p)))","G(->(q,?1))",1.23,"G(->(q,p))",4,TRUE
f:01-nw:100-ml:06-0.trace,tree-suf-bmc,G(!(p)),?u1(!(p)),1.56,G(!(p)),3,TRUE
f:08-nw:100-ml:14-0.trace,tree-suf,"->(F(q),U(p,q))","->(?1,U(p,q))",53.18,"->(F(q),U(p,q))",5,TRUE
f:09-nw:100-ml:14-0.trace,tree-suf,"G(->(q,G(p)))","?u1(->(q,?u1(p)))",39.23,"G(->(q,G(p)))",5,TRUE
f:06-nw:400-ml:14-0.trace,tree-suf-bmc,"G(&(p,->(!(q),U(!(q),&(r,!(q))))))","G(&(p,->(!(q),U(!(q),?1))))",359.66,"G(&(p,->(!(q),U(!(q),r))))",10,TRUE
f:04-nw:010-ml:10-0.trace,tree-suf,F(p),F(?1),0.17,F(p),2,TRUE
f:06-nw:025-ml:10-0.trace,tree-suf,"G(&(p,->(!(q),U(!(q),&(r,!(q))))))","G(&(p,?b1(!(q),?b2(!(q),&(r,!(q))))))",7.21,"G(&(p,->(!(q),U(!(q),&(r,!(q))))))",13,TRUE
f:03-nw:400-ml:10-0.trace,tree-suf,"G(->(q,G(!(p))))","G(->(q,?1))",277.79,"G(->(q,!(F(p))))",4,TRUE
f:02-nw:400-ml:10-0.trace,tree-suf,"->(F(q),U(!(p),q))","?b1(F(q),?b2(!(p),q))",165.78,"->(F(q),U(!(p),q))",7,TRUE
f:05-nw:010-ml:10-0.trace,tree-suf,"|(G(!(p)),F(&(p,F(q))))","?b1(G(!(p)),F(?b2(p,F(q))))",2.59,"U(G(!(p)),F(&(p,F(q))))",9,TRUE
f:09-nw:200-ml:10-0.trace,tree-suf-bmc,"G(->(q,G(p)))","G(->(q,?1))",48.58,"G(->(q,G(p)))",4,TRUE
f:07-nw:025-ml:10-0.trace,tree-suf,G(p),G(?1),0.39,G(p),2,TRUE
f:07-nw:100-ml:14-0.trace,tree-suf-bmc,G(p),?u1(p),7.97,G(p),2,TRUE
f:05-nw:010-ml:10-0.trace,tree-suf-bmc,"|(G(!(p)),F(&(p,F(q))))","?b1(G(!(p)),F(?b2(p,F(q))))",1.45,"|(G(!(p)),F(&(p,F(q))))",9,TRUE
f:06-nw:010-ml:06-0.trace,tree-suf-bmc,"G(&(p,->(!(q),U(!(q),&(r,!(q))))))","G(&(p,->(!(q),U(!(q),?1))))",0.56,"G(&(p,->(!(q),U(!(q),p))))",10,TRUE
f:03-nw:200-ml:10-0.trace,tree-suf-bmc,"G(->(q,G(!(p))))","?u1(->(q,?u1(!(p))))",50.18,"G(->(q,G(!(p))))",6,TRUE
f:06-nw:025-ml:14-0.trace,tree-suf-bmc,"G(&(p,->(!(q),U(!(q),&(r,!(q))))))","G(&(p,->(!(q),U(!(q),?1))))",4.34,"G(&(p,->(!(q),U(!(q),p))))",10,TRUE
f:06-nw:050-ml:14-0.trace,tree-suf-bmc,"G(&(p,->(!(q),U(!(q),&(r,!(q))))))","G(&(p,->(!(q),U(!(q),?1))))",10.55,"G(&(p,->(!(q),U(!(q),p))))",10,TRUE
f:01-nw:025-ml:06-0.trace,tree-suf,G(!(p)),G(!(?1)),0.21,G(!(p)),3,TRUE
f:01-nw:400-ml:14-0.trace,tree-suf,G(!(p)),?u1(!(p)),104.48,G(!(p)),3,TRUE
f:09-nw:050-ml:10-0.trace,tree-suf,"G(->(q,G(p)))","?u1(->(q,?u1(p)))",7.83,"G(->(q,G(p)))",5,TRUE
f:03-nw:010-ml:06-0.trace,tree-suf,"G(->(q,G(!(p))))","?u1(->(q,?u1(!(p))))",0.78,"G(->(q,G(!(p))))",6,TRUE
f:04-nw:400-ml:06-0.trace,tree-suf,F(p),?u1(p),16.63,F(p),2,TRUE
f:04-nw:025-ml:14-0.trace,tree-suf,F(p),F(?1),0.79,F(p),2,TRUE
f:06-nw:010-ml:14-0.trace,tree-suf,"G(&(p,->(!(q),U(!(q),&(r,!(q))))))","G(&(p,?b1(!(q),?b2(!(q),&(r,!(q))))))",5.58,"G(&(p,->(!(q),U(!(q),&(r,!(q))))))",13,TRUE
f:05-nw:400-ml:06-0.trace,tree-suf,"|(G(!(p)),F(&(p,F(q))))","|(?1,F(&(p,F(q))))",88.44,"|(!(F(p)),F(&(p,F(q))))",7,TRUE
f:05-nw:025-ml:14-0.trace,tree-suf,"|(G(!(p)),F(&(p,F(q))))","?b1(G(!(p)),F(?b2(p,F(q))))",14.58,"U(G(!(p)),F(&(p,F(q))))",9,TRUE
f:07-nw:010-ml:14-0.trace,tree-suf,G(p),G(?1),0.35,G(p),2,TRUE
f:02-nw:010-ml:06-0.trace,tree-suf,"->(F(q),U(!(p),q))","->(?1,U(!(p),q))",0.78,"->(F(q),U(!(p),q))",6,TRUE
f:08-nw:050-ml:10-0.trace,tree-suf,"->(F(q),U(p,q))","->(?1,U(p,q))",10.62,"->(F(q),U(p,q))",5,TRUE
f:01-nw:200-ml:14-0.trace,tree-suf-bmc,G(!(p)),G(!(?1)),24.76,G(!(p)),3,TRUE
f:07-nw:025-ml:06-0.trace,tree-suf-bmc,G(p),G(?1),0.16,G(p),2,TRUE
f:07-nw:050-ml:06-0.trace,tree-suf-bmc,G(p),G(?1),0.38,G(p),2,TRUE
f:04-nw:050-ml:10-0.trace,tree-suf-bmc,F(p),?u1(p),1.37,F(p),2,TRUE
f:04-nw:025-ml:10-0.trace,tree-suf-bmc,F(p),?u1(p),0.66,F(p),2,TRUE
f:08-nw:200-ml:14-0.trace,tree-suf,"->(F(q),U(p,q))","->(?1,U(p,q))",150.65,"->(F(q),U(p,q))",5,TRUE
f:09-nw:200-ml:14-0.trace,tree-suf,"G(->(q,G(p)))","?u1(->(q,?u1(p)))",107.36,"G(->(q,G(p)))",5,TRUE
f:09-nw:100-ml:06-0.trace,tree-suf,"G(->(q,G(p)))","G(->(q,?1))",6.51,"G(->(q,G(p)))",4,TRUE
f:06-nw:100-ml:06-0.trace,tree-suf-bmc,"G(&(p,->(!(q),U(!(q),&(r,!(q))))))","G(&(p,?b1(!(q),?b2(!(q),&(r,!(q))))))",10.89,"G(&(p,->(!(q),U(!(q),&(r,!(q))))))",13,TRUE
f:04-nw:400-ml:10-0.trace,tree-suf-bmc,F(p),?u1(p),45.46,F(p),2,TRUE
f:05-nw:100-ml:10-0.trace,tree-suf-bmc,"|(G(!(p)),F(&(p,F(q))))","|(?1,F(&(p,F(q))))",17.81,"|(G(p),F(&(p,F(q))))",7,TRUE
f:07-nw:400-ml:06-0.trace,tree-suf-bmc,G(p),G(?1),14.72,G(p),2,TRUE
f:08-nw:100-ml:06-0.trace,tree-suf,"->(F(q),U(p,q))","?b1(F(q),?b2(p,q))",7.73,"->(F(q),&(p,q))",6,TRUE
f:07-nw:010-ml:14-0.trace,tree-suf-bmc,G(p),G(?1),0.21,G(p),2,TRUE
f:01-nw:400-ml:14-0.trace,tree-suf-bmc,G(!(p)),?u1(!(p)),98.89,G(!(p)),3,TRUE
f:06-nw:400-ml:10-0.trace,tree-suf,"G(&(p,->(!(q),U(!(q),&(r,!(q))))))","G(&(p,->(!(q),U(!(q),?1))))",195.78,"G(&(p,->(!(q),U(!(q),r))))",10,TRUE
f:02-nw:010-ml:10-0.trace,tree-suf-bmc,"->(F(q),U(!(p),q))","->(?1,U(!(p),q))",1.22,"->(F(q),U(!(p),q))",6,TRUE
f:03-nw:025-ml:10-0.trace,tree-suf,"G(->(q,G(!(p))))","?u1(->(q,?u1(!(p))))",3.57,"G(->(q,G(!(p))))",6,TRUE
f:01-nw:010-ml:10-0.trace,tree-suf,G(!(p)),G(!(?1)),0.19,G(!(p)),3,TRUE
f:02-nw:025-ml:10-0.trace,tree-suf,"->(F(q),U(!(p),q))","->(?1,U(!(p),q))",5.10,"->(F(q),U(!(p),q))",6,TRUE
f:07-nw:400-ml:10-0.trace,tree-suf,G(p),?u1(p),43.59,G(p),2,TRUE
f:01-nw:010-ml:06-0.trace,tree-suf-bmc,G(!(p)),?u1(!(p)),0.17,G(!(p)),3,TRUE
f:03-nw:010-ml:14-0.trace,tree-suf,"G(->(q,G(!(p))))","?u1(->(q,?u1(!(p))))",2.10,"G(->(q,G(!(p))))",6,TRUE
f:01-nw:025-ml:14-0.trace,tree-suf,G(!(p)),G(!(?1)),0.86,G(!(p)),3,TRUE
f:01-nw:400-ml:06-0.trace,tree-suf,G(!(p)),?u1(!(p)),15.86,G(!(p)),3,TRUE
f:04-nw:200-ml:10-0.trace,tree-suf-bmc,F(p),F(?1),10.86,F(p),2,TRUE
f:06-nw:010-ml:06-0.trace,tree-suf,"G(&(p,->(!(q),U(!(q),&(r,!(q))))))","G(&(p,?b1(!(q),?b2(!(q),&(r,!(q))))))",1.52,"G(&(p,U(!(q),->(!(q),&(r,!(q))))))",13,TRUE
f:04-nw:400-ml:14-0.trace,tree-suf,F(p),?u1(p),105.83,F(p),2,TRUE
f:04-nw:025-ml:06-0.trace,tree-suf,F(p),F(?1),0.19,F(p),2,TRUE
f:07-nw:200-ml:06-0.trace,tree-suf-bmc,G(p),?u1(p),4.68,G(p),2,TRUE
f:07-nw:010-ml:06-0.trace,tree-suf,G(p),G(?1),0.09,G(p),2,TRUE
f:05-nw:400-ml:14-0.trace,tree-suf,"|(G(!(p)),F(&(p,F(q))))","|(?1,F(&(p,F(q))))",688.42,"|(!(F(p)),F(&(p,F(q))))",7,TRUE
f:01-nw:025-ml:14-0.trace,tree-suf-bmc,G(!(p)),?u1(!(p)),1.23,G(!(p)),3,TRUE
f:05-nw:025-ml:06-0.trace,tree-suf,"|(G(!(p)),F(&(p,F(q))))","?b1(G(!(p)),F(?b2(p,F(q))))",2.56,"U(G(!(p)),F(&(p,F(q))))",9,TRUE
f:01-nw:050-ml:14-0.trace,tree-suf-bmc,G(!(p)),?u1(!(p)),2.79,G(!(p)),3,TRUE
f:02-nw:010-ml:14-0.trace,tree-suf,"->(F(q),U(!(p),q))","->(?1,U(!(p),q))",4.46,"->(F(q),U(!(p),q))",6,TRUE
f:08-nw:010-ml:10-0.trace,tree-suf-bmc,"->(F(q),U(p,q))","?b1(F(q),?b2(p,q))",1.32,"->(F(q),U(p,q))",6,TRUE
f:08-nw:100-ml:10-0.trace,tree-suf-bmc,"->(F(q),U(p,q))","->(?1,U(p,q))",18.11,"->(F(q),U(p,q))",5,TRUE
f:06-nw:200-ml:14-0.trace,tree-suf-bmc,"G(&(p,->(!(q),U(!(q),&(r,!(q))))))","G(&(p,?b1(!(q),?b2(!(q),&(r,!(q))))))",130.59,"G(&(p,->(!(q),U(!(q),&(r,!(q))))))",13,TRUE
f:08-nw:200-ml:06-0.trace,tree-suf,"->(F(q),U(p,q))","->(?1,U(p,q))",21.03,"->(F(q),U(p,q))",5,TRUE
f:09-nw:400-ml:10-0.trace,tree-suf-bmc,"G(->(q,G(p)))","?u1(->(q,?u1(p)))",173.51,"G(->(q,G(p)))",5,TRUE
f:03-nw:050-ml:10-0.trace,tree-suf-bmc,"G(->(q,G(!(p))))","G(->(q,?1))",16.04,"G(->(q,G(!(p))))",4,TRUE
f:03-nw:025-ml:10-0.trace,tree-suf-bmc,"G(->(q,G(!(p))))","G(->(q,?1))",7.71,"G(->(q,G(!(p))))",4,TRUE
f:09-nw:200-ml:06-0.trace,tree-suf,"G(->(q,G(p)))","?u1(->(q,?u1(p)))",17.44,"G(->(q,G(p)))",5,TRUE
f:03-nw:400-ml:10-0.trace,tree-suf-bmc,"G(->(q,G(!(p))))","G(->(q,?1))",227.29,"G(->(q,!(F(p))))",4,TRUE
f:09-nw:050-ml:10-0.trace,tree-suf-bmc,"G(->(q,G(p)))","?u1(->(q,?u1(p)))",6.16,"G(->(q,G(p)))",5,TRUE
f:09-nw:025-ml:10-0.trace,tree-suf-bmc,"G(->(q,G(p)))","?u1(->(q,?u1(p)))",2.70,"G(->(q,G(p)))",5,TRUE
f:01-nw:100-ml:06-0.trace,tree-suf-bmc,G(!(p)),G(!(?1)),1.17,G(!(p)),3,TRUE
f:02-nw:100-ml:10-0.trace,tree-suf-bmc,"->(F(q),U(!(p),q))","?b1(F(q),?b2(!(p),q))",18.75,"->(F(q),&(!(p),q))",7,TRUE
f:09-nw:100-ml:14-0.trace,tree-suf,"G(->(q,G(p)))","G(->(q,?1))",42.08,"G(->(q,G(p)))",4,TRUE
f:08-nw:100-ml:14-0.trace,tree-suf,"->(F(q),U(p,q))","?b1(F(q),?b2(p,q))",58.80,"->(F(q),&(p,q))",6,TRUE
f:05-nw:010-ml:10-0.trace,tree-suf,"|(G(!(p)),F(&(p,F(q))))","|(?1,F(&(p,F(q))))",1.86,"|(G(p),F(&(p,F(q))))",7,TRUE
f:09-nw:200-ml:10-0.trace,tree-suf-bmc,"G(->(q,G(p)))","?u1(->(q,?u1(p)))",48.31,"G(->(q,G(p)))",5,TRUE
f:07-nw:025-ml:10-0.trace,tree-suf,G(p),?u1(p),0.70,G(p),2,TRUE
f:07-nw:100-ml:14-0.trace,tree-suf-bmc,G(p),G(?1),6.33,G(p),2,TRUE
f:02-nw:400-ml:10-0.trace,tree-suf,"->(F(q),U(!(p),q))","->(?1,U(!(p),q))",158.95,"->(F(q),U(!(p),q))",6,TRUE
f:03-nw:400-ml:10-0.trace,tree-suf,"G(->(q,G(!(p))))","?u1(->(q,?u1(!(p))))",179.05,"G(->(q,G(!(p))))",6,TRUE
f:06-nw:400-ml:14-0.trace,tree-suf-bmc,"G(&(p,->(!(q),U(!(q),&(r,!(q))))))","G(&(p,?b1(!(q),?b2(!(q),&(r,!(q))))))",398.53,"G(&(p,U(!(q),->(!(q),&(r,!(q))))))",13,TRUE
f:04-nw:010-ml:10-0.trace,tree-suf,F(p),?u1(p),0.35,F(p),2,TRUE
f:06-nw:025-ml:10-0.trace,tree-suf,"G(&(p,->(!(q),U(!(q),&(r,!(q))))))","G(&(p,->(!(q),U(!(q),?1))))",3.84,"G(&(p,->(!(q),U(!(q),r))))",10,TRUE
f:06-nw:010-ml:06-0.trace,tree-suf-bmc,"G(&(p,->(!(q),U(!(q),&(r,!(q))))))","G(&(p,?b1(!(q),?b2(!(q),&(r,!(q))))))",1.07,"G(&(p,->(!(q),|(!(q),&(r,!(q))))))",13,TRUE
f:05-nw:010-ml:10-0.trace,tree-suf-bmc,"|(G(!(p)),F(&(p,F(q))))","|(?1,F(&(p,F(q))))",1.38,"|(G(p),F(&(p,F(q))))",7,TRUE
f:06-nw:025-ml:14-0.trace,tree-suf-bmc,"G(&(p,->(!(q),U(!(q),&(r,!(q))))))","G(&(p,?b1(!(q),?b2(!(q),&(r,!(q))))))",7.81,"G(&(p,U(!(q),->(!(q),&(r,!(q))))))",13,TRUE
f:06-nw:050-ml:14-0.trace,tree-suf-bmc,"G(&(p,->(!(q),U(!(q),&(r,!(q))))))","G(&(p,?b1(!(q),?b2(!(q),&(r,!(q))))))",17.83,"G(&(p,->(!(q),U(!(q),&(r,!(q))))))",13,TRUE
f:03-nw:200-ml:10-0.trace,tree-suf-bmc,"G(->(q,G(!(p))))","G(->(q,?1))",84.15,"G(->(q,!(F(p))))",4,TRUE
f:08-nw:050-ml:10-0.trace,tree-suf,"->(F(q),U(p,q))","?b1(F(q),?b2(p,q))",11.82,"->(F(q),&(p,q))",6,TRUE
f:02-nw:010-ml:06-0.trace,tree-suf,"->(F(q),U(!(p),q))","?b1(F(q),?b2(!(p),q))",0.72,"->(F(q),U(!(p),q))",7,TRUE
f:05-nw:400-ml:06-0.trace,tree-suf,"|(G(!(p)),F(&(p,F(q))))","?b1(G(!(p)),F(?b2(p,F(q))))",66.56,"|(G(!(p)),F(&(p,F(q))))",9,TRUE
f:05-nw:025-ml:14-0.trace,tree-suf,"|(G(!(p)),F(&(p,F(q))))","|(?1,F(&(p,F(q))))",8.87,"|(G(p),F(&(p,F(q))))",7,TRUE
f:07-nw:010-ml:14-0.trace,tree-suf,G(p),?u1(p),0.62,G(p),2,TRUE
f:04-nw:400-ml:06-0.trace,tree-suf,F(p),F(?1),16.07,F(p),2,TRUE
f:04-nw:025-ml:14-0.trace,tree-suf,F(p),?u1(p),1.35,F(p),2,TRUE
f:06-nw:010-ml:14-0.trace,tree-suf,"G(&(p,->(!(q),U(!(q),&(r,!(q))))))","G(&(p,->(!(q),U(!(q),?1))))",2.90,"G(&(p,->(!(q),U(!(q),p))))",10,TRUE
f:01-nw:025-ml:06-0.trace,tree-suf,G(!(p)),?u1(!(p)),0.39,G(!(p)),3,TRUE
f:01-nw:400-ml:14-0.trace,tree-suf,G(!(p)),G(!(?1)),96.42,G(!(p)),3,TRUE
f:03-nw:010-ml:06-0.trace,tree-suf,"G(->(q,G(!(p))))","G(->(q,?1))",0.89,"G(->(q,!(p)))",4,TRUE
f:09-nw:050-ml:10-0.trace,tree-suf,"G(->(q,G(p)))","G(->(q,?1))",3.85,"G(->(q,p))",4,TRUE
f:04-nw:050-ml:10-0.trace,tree-suf-bmc,F(p),F(?1),0.90,F(p),2,TRUE
f:04-nw:025-ml:10-0.trace,tree-suf-bmc,F(p),F(?1),0.35,F(p),2,TRUE
f:01-nw:200-ml:14-0.trace,tree-suf-bmc,G(!(p)),?u1(!(p)),27.23,G(!(p)),3,TRUE
f:07-nw:025-ml:06-0.trace,tree-suf-bmc,G(p),?u1(p),0.27,G(p),2,TRUE
f:07-nw:050-ml:06-0.trace,tree-suf-bmc,G(p),?u1(p),0.59,G(p),2,TRUE
f:09-nw:200-ml:14-0.trace,tree-suf,"G(->(q,G(p)))","G(->(q,?1))",117.25,"G(->(q,G(p)))",4,TRUE
f:08-nw:200-ml:14-0.trace,tree-suf,"->(F(q),U(p,q))","?b1(F(q),?b2(p,q))",163.70,"->(F(q),U(p,q))",6,TRUE
f:08-nw:100-ml:06-0.trace,tree-suf,"->(F(q),U(p,q))","->(?1,U(p,q))",7.35,"->(F(q),U(p,q))",5,TRUE
f:05-nw:100-ml:10-0.trace,tree-suf-bmc,"|(G(!(p)),F(&(p,F(q))))","?b1(G(!(p)),F(?b2(p,F(q))))",19.56,"U(G(!(p)),F(&(p,F(q))))",9,TRUE
f:07-nw:400-ml:06-0.trace,tree-suf-bmc,G(p),?u1(p),16.24,G(p),2,TRUE
f:06-nw:100-ml:06-0.trace,tree-suf-bmc,"G(&(p,->(!(q),U(!(q),&(r,!(q))))))","G(&(p,->(!(q),U(!(q),?1))))",6.71,"G(&(p,->(!(q),U(!(q),r))))",10,TRUE
f:04-nw:400-ml:10-0.trace,tree-suf-bmc,F(p),F(?1),43.35,F(p),2,TRUE
f:09-nw:100-ml:06-0.trace,tree-suf,"G(->(q,G(p)))","?u1(->(q,?u1(p)))",5.98,"G(->(q,G(p)))",5,TRUE
f:07-nw:010-ml:14-0.trace,tree-suf-bmc,G(p),?u1(p),0.41,G(p),2,TRUE
f:08-nw:400-ml:06-0.trace,tree-suf,"->(F(q),U(p,q))","->(?1,U(p,q))",52.42,"->(F(q),U(p,q))",5,TRUE
f:08-nw:025-ml:14-0.trace,tree-suf,"->(F(q),U(p,q))","?b1(F(q),?b2(p,q))",12.00,"->(F(q),&(p,q))",6,TRUE
f:05-nw:050-ml:10-0.trace,tree-suf,"|(G(!(p)),F(&(p,F(q))))","|(?1,F(&(p,F(q))))",9.58,"|(G(q),F(&(p,F(q))))",7,TRUE
f:04-nw:050-ml:10-0.trace,tree-suf,F(p),?u1(p),1.67,F(p),2,TRUE
f:09-nw:400-ml:06-0.trace,tree-suf,"G(->(q,G(p)))","?u1(->(q,?u1(p)))",55.57,"G(->(q,G(p)))",5,TRUE
f:09-nw:025-ml:14-0.trace,tree-suf,"G(->(q,G(p)))","G(->(q,?1))",2.57,"G(->(q,p))",4,TRUE
f:03-nw:200-ml:06-0.trace,tree-suf-bmc,"G(->(q,G(!(p))))","G(->(q,?1))",28.96,"G(->(q,!(F(p))))",4,TRUE
f:05-nw:050-ml:14-0.trace,tree-suf-bmc,"|(G(!(p)),F(&(p,F(q))))","|(?1,F(&(p,F(q))))",13.50,"|(G(p),F(&(p,F(q))))",7,TRUE
f:05-nw:025-ml:14-0.trace,tree-suf-bmc,"|(G(!(p)),F(&(p,F(q))))","|(?1,F(&(p,F(q))))",6.41,"|(G(p),F(&(p,F(q))))",7,TRUE
f:06-nw:010-ml:10-0.trace,tree-suf-bmc,"G(&(p,->(!(q),U(!(q),&(r,!(q))))))","G(&(p,?b1(!(q),?b2(!(q),&(r,!(q))))))",1.84,"G(&(p,->(!(q),U(!(q),&(r,!(q))))))",13,TRUE
f:05-nw:010-ml:06-0.trace,tree-suf-bmc,"|(G(!(p)),F(&(p,F(q))))","|(?1,F(&(p,F(q))))",0.77,"|(G(p),F(&(p,F(q))))",7,TRUE
f:07-nw:050-ml:14-0.trace,tree-suf,G(p),?u1(p),3.33,G(p),2,TRUE
f:09-nw:200-ml:06-0.trace,tree-suf-bmc,"G(->(q,G(p)))","?u1(->(q,?u1(p)))",15.76,"G(->(q,G(p)))",5,TRUE
f:08-nw:010-ml:10-0.trace,tree-suf,"->(F(q),U(p,q))","?b1(F(q),?b2(p,q))",2.42,"->(F(q),&(p,q))",6,TRUE
f:02-nw:050-ml:06-0.trace,tree-suf,"->(F(q),U(!(p),q))","?b1(F(q),?b2(!(p),q))",3.93,"->(F(q),&(!(p),q))",7,TRUE
f:05-nw:400-ml:14-0.trace,tree-suf-bmc,"|(G(!(p)),F(&(p,F(q))))","|(?1,F(&(p,F(q))))",456.51,"|(G(!(p)),F(&(p,F(q))))",7,TRUE
f:04-nw:100-ml:14-0.trace,tree-suf-bmc,F(p),?u1(p),7.90,F(p),2,TRUE
f:03-nw:050-ml:06-0.trace,tree-suf,"G(->(q,G(!(p))))","G(->(q,?1))",7.40,"G(->(q,G(!(p))))",4,TRUE
f:09-nw:010-ml:10-0.trace,tree-suf,"G(->(q,G(p)))","G(->(q,?1))",0.50,"G(->(q,p))",4,TRUE
f:06-nw:050-ml:14-0.trace,tree-suf,"G(&(p,->(!(q),U(!(q),&(r,!(q))))))","G(&(p,->(!(q),U(!(q),?1))))",19.20,"G(&(p,->(!(q),U(!(q),p))))",10,TRUE
f:04-nw:010-ml:14-0.trace,tree-suf-bmc,F(p),F(?1),0.21,F(p),2,TRUE
f:07-nw:400-ml:10-0.trace,tree-suf-bmc,G(p),?u1(p),44.41,G(p),2,TRUE
f:05-nw:100-ml:06-0.trace,tree-suf-bmc,"|(G(!(p)),F(&(p,F(q))))","?b1(G(!(p)),F(?b2(p,F(q))))",8.26,"|(G(!(p)),F(&(p,F(q))))",9,TRUE
f:06-nw:200-ml:10-0.trace,tree-suf,"G(&(p,->(!(q),U(!(q),&(r,!(q))))))","G(&(p,->(!(q),U(!(q),?1))))",62.17,"G(&(p,->(!(q),U(!(q),r))))",10,TRUE
f:05-nw:100-ml:06-0.trace,tree-suf,"|(G(!(p)),F(&(p,F(q))))","?b1(G(!(p)),F(?b2(p,F(q))))",11.73,"U(G(!(p)),F(&(p,F(q))))",9,TRUE
f:04-nw:100-ml:06-0.trace,tree-suf,F(p),F(?1),1.12,F(p),2,TRUE
f:04-nw:400-ml:06-0.trace,tree-suf-bmc,F(p),F(?1),15.60,F(p),2,TRUE
f:08-nw:200-ml:14-0.trace,tree-suf-bmc,"->(F(q),U(p,q))","?b1(F(q),?b2(p,q))",111.67,"->(F(q),U(p,q))",6,TRUE
f:06-nw:100-ml:10-0.trace,tree-suf-bmc,"G(&(p,->(!(q),U(!(q),&(r,!(q))))))","G(&(p,->(!(q),U(!(q),?1))))",16.06,"G(&(p,->(!(q),U(!(q),r))))",10,TRUE
f:07-nw:200-ml:10-0.trace,tree-suf,G(p),?u1(p),11.30,G(p),2,TRUE
f:01-nw:100-ml:14-0.trace,tree-suf,G(!(p)),G(!(?1)),7.43,G(!(p)),3,TRUE
f:01-nw:200-ml:06-0.trace,tree-suf,G(!(p)),?u1(!(p)),4.95,G(!(p)),3,TRUE
f:04-nw:200-ml:14-0.trace,tree-suf,F(p),?u1(p),30.40,F(p),2,TRUE
f:02-nw:100-ml:10-0.trace,tree-suf,"->(F(q),U(!(p),q))","->(?1,U(!(p),q))",23.44,"->(F(q),U(!(p),q))",6,TRUE
f:03-nw:100-ml:10-0.trace,tree-suf,"G(->(q,G(!(p))))","?u1(->(q,?u1(!(p))))",19.55,"G(->(q,G(!(p))))",6,TRUE
f:05-nw:200-ml:14-0.trace,tree-suf,"|(G(!(p)),F(&(p,F(q))))","|(?1,F(&(p,F(q))))",126.01,"|(G(q),F(&(p,F(q))))",7,TRUE
f:04-nw:050-ml:06-0.trace,tree-suf-bmc,F(p),F(?1),0.39,F(p),2,TRUE
f:04-nw:025-ml:06-0.trace,tree-suf-bmc,F(p),F(?1),0.17,F(p),2,TRUE
f:02-nw:200-ml:14-0.trace,tree-suf-bmc,"->(F(q),U(!(p),q))","->(?1,U(!(p),q))",107.59,"->(F(q),U(!(p),q))",6,TRUE
f:07-nw:025-ml:10-0.trace,tree-suf-bmc,G(p),?u1(p),0.62,G(p),2,TRUE
f:07-nw:050-ml:10-0.trace,tree-suf-bmc,G(p),?u1(p),1.23,G(p),2,TRUE
f:08-nw:010-ml:06-0.trace,tree-suf-bmc,"->(F(q),U(p,q))","?b1(F(q),?b2(p,q))",0.66,"->(F(q),&(p,q))",6,TRUE
f:08-nw:400-ml:14-0.trace,tree-suf-bmc,"->(F(q),U(p,q))","?b1(F(q),?b2(p,q))",291.93,"->(F(q),U(p,q))",6,TRUE
f:02-nw:050-ml:14-0.trace,tree-suf-bmc,"->(F(q),U(!(p),q))","->(?1,U(!(p),q))",12.65,"->(F(q),U(!(p),q))",6,TRUE
f:02-nw:025-ml:14-0.trace,tree-suf-bmc,"->(F(q),U(!(p),q))","->(?1,U(!(p),q))",5.76,"->(F(q),U(!(p),q))",6,TRUE
f:01-nw:050-ml:10-0.trace,tree-suf,G(!(p)),G(!(?1)),1.14,G(!(p)),3,TRUE
f:04-nw:200-ml:06-0.trace,tree-suf-bmc,F(p),F(?1),4.05,F(p),2,TRUE
f:09-nw:400-ml:14-0.trace,tree-suf,"G(->(q,G(p)))","G(->(q,?1))",393.56,"G(->(q,G(p)))",4,TRUE
f:09-nw:025-ml:06-0.trace,tree-suf,"G(->(q,G(p)))","?u1(->(q,?u1(p)))",1.30,"G(->(q,G(p)))",5,TRUE
f:08-nw:400-ml:14-0.trace,tree-suf,"->(F(q),U(p,q))","?b1(F(q),?b2(p,q))",375.32,"->(F(q),U(p,q))",6,TRUE
f:09-nw:100-ml:14-0.trace,tree-suf-bmc,"G(->(q,G(p)))","G(->(q,?1))",34.26,"G(->(q,G(p)))",4,TRUE
f:08-nw:025-ml:06-0.trace,tree-suf,"->(F(q),U(p,q))","->(?1,U(p,q))",1.62,"->(F(q),U(p,q))",5,TRUE
f:07-nw:200-ml:10-0.trace,tree-suf-bmc,G(p),?u1(p),10.86,G(p),2,TRUE
f:06-nw:050-ml:06-0.trace,tree-suf,"G(&(p,->(!(q),U(!(q),&(r,!(q))))))","G(&(p,?b1(!(q),?b2(!(q),&(r,!(q))))))",6.37,"G(&(p,|(!(q),->(!(q),&(r,!(q))))))",13,TRUE
f:02-nw:010-ml:06-0.trace,tree-suf-bmc,"->(F(q),U(!(p),q))","->(?1,U(!(p),q))",0.58,"->(F(q),U(!(p),q))",6,TRUE
f:03-nw:050-ml:14-0.trace,tree-suf,"G(->(q,G(!(p))))","?u1(->(q,?u1(!(p))))",15.19,"G(->(q,G(!(p))))",6,TRUE
f:01-nw:010-ml:10-0.trace,tree-suf-bmc,G(!(p)),?u1(!(p)),0.29,G(!(p)),3,TRUE
f:02-nw:050-ml:14-0.trace,tree-suf,"->(F(q),U(!(p),q))","->(?1,U(!(p),q))",21.77,"->(F(q),U(!(p),q))",6,TRUE
f:07-nw:050-ml:06-0.trace,tree-suf,G(p),G(?1),0.40,G(p),2,TRUE
f:03-nw:100-ml:14-0.trace,tree-suf-bmc,"G(->(q,G(!(p))))","?u1(->(q,?u1(!(p))))",32.23,"G(->(q,G(!(p))))",6,TRUE
f:02-nw:400-ml:14-0.trace,tree-suf-bmc,"->(F(q),U(!(p),q))","->(?1,U(!(p),q))",290.47,"->(F(q),U(!(p),q))",6,TRUE
f:08-nw:050-ml:14-0.trace,tree-suf-bmc,"->(F(q),U(p,q))","?b1(F(q),?b2(p,q))",12.81,"->(F(q),U(p,q))",6,TRUE
f:08-nw:025-ml:14-0.trace,tree-suf-bmc,"->(F(q),U(p,q))","?b1(F(q),?b2(p,q))",5.41,"->(F(q),U(p,q))",6,TRUE
f:01-nw:100-ml:06-0.trace,tree-suf,G(!(p)),?u1(!(p)),1.66,G(!(p)),3,TRUE
f:02-nw:200-ml:10-0.trace,tree-suf,"->(F(q),U(!(p),q))","->(?1,U(!(p),q))",67.39,"->(F(q),U(!(p),q))",6,TRUE
f:04-nw:100-ml:14-0.trace,tree-suf,F(p),?u1(p),9.18,F(p),2,TRUE
f:05-nw:100-ml:14-0.trace,tree-suf,"|(G(!(p)),F(&(p,F(q))))","|(?1,F(&(p,F(q))))",45.21,"|(G(p),F(&(p,F(q))))",7,TRUE
f:03-nw:200-ml:10-0.trace,tree-suf,"G(->(q,G(!(p))))","?u1(->(q,?u1(!(p))))",55.06,"G(->(q,G(!(p))))",6,TRUE
f:03-nw:010-ml:14-0.trace,tree-suf-bmc,"G(->(q,G(!(p))))","G(->(q,?1))",1.64,"G(->(q,!(p)))",4,TRUE
f:01-nw:100-ml:10-0.trace,tree-suf-bmc,G(!(p)),G(!(?1)),3.25,G(!(p)),3,TRUE
f:09-nw:050-ml:06-0.trace,tree-suf-bmc,"G(->(q,G(p)))","?u1(->(q,?u1(p)))",2.25,"G(->(q,G(p)))",5,TRUE
f:03-nw:400-ml:06-0.trace,tree-suf-bmc,"G(->(q,G(!(p))))","G(->(q,?1))",77.67,"G(->(q,G(!(p))))",4,TRUE
f:09-nw:025-ml:06-0.trace,tree-suf-bmc,"G(->(q,G(p)))","?u1(->(q,?u1(p)))",1.23,"G(->(q,G(p)))",5,TRUE
f:02-nw:100-ml:06-0.trace,tree-suf-bmc,"->(F(q),U(!(p),q))","?b1(F(q),?b2(!(p),q))",6.80,"->(F(q),&(!(p),q))",7,TRUE
f:09-nw:010-ml:14-0.trace,tree-suf-bmc,"G(->(q,G(p)))","?u1(->(q,?u1(p)))",1.73,"G(->(q,G(p)))",5,TRUE
f:06-nw:100-ml:10-0.trace,tree-suf,"G(&(p,->(!(q),U(!(q),&(r,!(q))))))","G(&(p,->(!(q),U(!(q),?1))))",21.88,"G(&(p,->(!(q),U(!(q),r))))",10,TRUE
f:08-nw:100-ml:06-0.trace,tree-suf-bmc,"->(F(q),U(p,q))","->(?1,U(p,q))",6.35,"->(F(q),U(p,q))",5,TRUE
f:05-nw:200-ml:06-0.trace,tree-suf,"|(G(!(p)),F(&(p,F(q))))","?b1(G(!(p)),F(?b2(p,F(q))))",23.55,"|(G(!(p)),F(&(p,F(q))))",9,TRUE
f:05-nw:200-ml:14-0.trace,tree-suf-bmc,"|(G(!(p)),F(&(p,F(q))))","|(?1,F(&(p,F(q))))",108.16,"|(G(p),F(&(p,F(q))))",7,TRUE
f:03-nw:050-ml:06-0.trace,tree-suf-bmc,"G(->(q,G(!(p))))","G(->(q,?1))",6.31,"G(->(q,G(!(p))))",4,TRUE
f:09-nw:400-ml:06-0.trace,tree-suf-bmc,"G(->(q,G(p)))","?u1(->(q,?u1(p)))",52.77,"G(->(q,G(p)))",5,TRUE
f:03-nw:025-ml:06-0.trace,tree-suf-bmc,"G(->(q,G(!(p))))","G(->(q,?1))",3.21,"G(->(q,!(F(p))))",4,TRUE
f:04-nw:200-ml:06-0.trace,tree-suf,F(p),F(?1),4.20,F(p),2,TRUE
f:01-nw:200-ml:14-0.trace,tree-suf,G(!(p)),G(!(?1)),25.63,G(!(p)),3,TRUE
f:07-nw:100-ml:10-0.trace,tree-suf,G(p),?u1(p),3.97,G(p),2,TRUE
f:07-nw:100-ml:06-0.trace,tree-suf-bmc,G(p),?u1(p),1.59,G(p),2,TRUE
f:05-nw:400-ml:10-0.trace,tree-suf-bmc,"|(G(!(p)),F(&(p,F(q))))","?b1(G(!(p)),F(?b2(p,F(q))))",172.19,"|(G(!(p)),F(&(p,F(q))))",9,TRUE
f:04-nw:100-ml:10-0.trace,tree-suf-bmc,F(p),F(?1),2.84,F(p),2,TRUE
f:06-nw:400-ml:06-0.trace,tree-suf-bmc,"G(&(p,->(!(q),U(!(q),&(r,!(q))))))","G(&(p,->(!(q),U(!(q),?1))))",59.00,"G(&(p,->(!(q),U(!(q),r))))",10,TRUE
f:04-nw:400-ml:10-0.trace,tree-suf,F(p),F(?1),43.84,F(p),2,TRUE
f:01-nw:025-ml:10-0.trace,tree-suf,G(!(p)),?u1(!(p)),0.80,G(!(p)),3,TRUE
f:09-nw:050-ml:06-0.trace,tree-suf,"G(->(q,G(p)))","G(->(q,?1))",2.68,"G(->(q,G(p)))",4,TRUE
f:03-nw:010-ml:10-0.trace,tree-suf,"G(->(q,G(!(p))))","G(->(q,?1))",1.86,"G(->(q,!(p)))",4,TRUE
f:06-nw:010-ml:14-0.trace,tree-suf-bmc,"G(&(p,->(!(q),U(!(q),&(r,!(q))))))","G(&(p,->(!(q),U(!(q),?1))))",1.40,"G(&(p,->(!(q),U(!(q),p))))",10,TRUE
f:02-nw:010-ml:10-0.trace,tree-suf,"->(F(q),U(!(p),q))","?b1(F(q),?b2(!(p),q))",2.38,"->(F(q),U(!(p),q))",7,TRUE
f:08-nw:050-ml:06-0.trace,tree-suf,"->(F(q),U(p,q))","?b1(F(q),?b2(p,q))",3.58,"->(F(q),&(p,q))",6,TRUE
f:05-nw:400-ml:10-0.trace,tree-suf,"|(G(!(p)),F(&(p,F(q))))","?b1(G(!(p)),F(?b2(p,F(q))))",201.47,"|(G(!(p)),F(&(p,F(q))))",9,TRUE
f:01-nw:010-ml:14-0.trace,tree-suf,G(!(p)),?u1(!(p)),0.63,G(!(p)),3,TRUE
f:06-nw:025-ml:06-0.trace,tree-suf-bmc,"G(&(p,->(!(q),U(!(q),&(r,!(q))))))","G(&(p,->(!(q),U(!(q),?1))))",1.22,"G(&(p,->(!(q),U(!(q),p))))",10,TRUE
f:03-nw:400-ml:06-0.trace,tree-suf,"G(->(q,G(!(p))))","?u1(->(q,?u1(!(p))))",54.24,"G(->(q,G(!(p))))",6,TRUE
f:06-nw:050-ml:06-0.trace,tree-suf-bmc,"G(&(p,->(!(q),U(!(q),&(r,!(q))))))","G(&(p,->(!(q),U(!(q),?1))))",2.79,"G(&(p,->(!(q),U(!(q),r))))",10,TRUE
f:03-nw:025-ml:14-0.trace,tree-suf,"G(->(q,G(!(p))))","G(->(q,?1))",22.91,"G(->(q,!(F(p))))",4,TRUE
f:04-nw:010-ml:06-0.trace,tree-suf,F(p),?u1(p),0.18,F(p),2,TRUE
f:06-nw:025-ml:06-0.trace,tree-suf,"G(&(p,->(!(q),U(!(q),&(r,!(q))))))","G(&(p,->(!(q),U(!(q),?1))))",1.53,"G(&(p,->(!(q),U(!(q),p))))",10,TRUE
f:06-nw:400-ml:14-0.trace,tree-suf,"G(&(p,->(!(q),U(!(q),&(r,!(q))))))","G(&(p,?b1(!(q),?b2(!(q),&(r,!(q))))))",401.42,"G(&(p,?b1(!(q),?b2(!(q),&(r,!(q))))))",13,NA
f:05-nw:010-ml:06-0.trace,tree-suf,"|(G(!(p)),F(&(p,F(q))))","|(?1,F(&(p,F(q))))",0.86,"|(G(q),F(&(p,F(q))))",7,TRUE
f:07-nw:025-ml:06-0.trace,tree-suf,G(p),?u1(p),0.28,G(p),2,TRUE
f:07-nw:400-ml:14-0.trace,tree-suf,G(p),G(?1),93.98,G(p),2,TRUE
f:05-nw:050-ml:10-0.trace,tree-suf-bmc,"|(G(!(p)),F(&(p,F(q))))","?b1(G(!(p)),F(?b2(p,F(q))))",7.94,"|(G(!(p)),F(&(p,F(q))))",9,TRUE
f:05-nw:025-ml:10-0.trace,tree-suf-bmc,"|(G(!(p)),F(&(p,F(q))))","?b1(G(!(p)),F(?b2(p,F(q))))",3.83,"|(G(!(p)),F(&(p,F(q))))",9,TRUE
f:02-nw:400-ml:06-0.trace,tree-suf,"->(F(q),U(!(p),q))","->(?1,U(!(p),q))",51.18,"->(F(q),U(!(p),q))",6,TRUE
f:02-nw:025-ml:14-0.trace,tree-suf,"->(F(q),U(!(p),q))","?b1(F(q),?b2(!(p),q))",12.63,"->(F(q),&(!(p),q))",7,TRUE
f:09-nw:100-ml:10-0.trace,tree-suf,"G(->(q,G(p)))","?u1(->(q,?u1(p)))",18.49,"G(->(q,G(p)))",5,TRUE
f:02-nw:200-ml:10-0.trace,tree-suf-bmc,"->(F(q),U(!(p),q))","?b1(F(q),?b2(!(p),q))",56.52,"->(F(q),U(!(p),q))",7,TRUE
f:07-nw:025-ml:14-0.trace,tree-suf-bmc,G(p),G(?1),0.60,G(p),2,TRUE
f:07-nw:050-ml:14-0.trace,tree-suf-bmc,G(p),G(?1),1.73,G(p),2,TRUE
f:08-nw:100-ml:10-0.trace,tree-suf,"->(F(q),U(p,q))","->(?1,U(p,q))",24.54,"->(F(q),U(p,q))",5,TRUE
f:01-nw:200-ml:06-0.trace,tree-suf-bmc,G(!(p)),G(!(?1)),4.00,G(!(p)),3,TRUE
f:07-nw:400-ml:14-0.trace,tree-suf-bmc,G(p),G(?1),93.47,G(p),2,TRUE
f:08-nw:200-ml:10-0.trace,tree-suf-bmc,"->(F(q),U(p,q))","->(?1,U(p,q))",54.10,"->(F(q),U(p,q))",5,TRUE
f:06-nw:100-ml:14-0.trace,tree-suf-bmc,"G(&(p,->(!(q),U(!(q),&(r,!(q))))))","G(&(p,?b1(!(q),?b2(!(q),&(r,!(q))))))",44.65,"G(&(p,->(!(q),|(!(q),&(r,!(q))))))",13,TRUE
f:04-nw:010-ml:10-0.trace,tree-suf-bmc,F(p),?u1(p),0.26,F(p),2,TRUE
f:07-nw:010-ml:06-0.trace,tree-suf-bmc,G(p),G(?1),0.09,G(p),2,TRUE
f:07-nw:010-ml:10-0.trace,tree-suf,G(p),G(?1),0.17,G(p),2,TRUE
f:05-nw:025-ml:10-0.trace,tree-suf,"|(G(!(p)),F(&(p,F(q))))","?b1(G(!(p)),F(?b2(p,F(q))))",7.19,"|(G(!(p)),F(&(p,F(q))))",9,TRUE
f:08-nw:050-ml:14-0.trace,tree-suf,"->(F(q),U(p,q))","->(?1,U(p,q))",21.73,"->(F(q),U(p,q))",5,TRUE
f:01-nw:400-ml:06-0.trace,tree-suf-bmc,G(!(p)),G(!(?1)),14.43,G(!(p)),3,TRUE
f:03-nw:100-ml:10-0.trace,tree-suf-bmc,"G(->(q,G(!(p))))","G(->(q,?1))",34.18,"G(->(q,!(F(p))))",4,TRUE
f:08-nw:050-ml:10-0.trace,tree-suf-bmc,"->(F(q),U(p,q))","->(?1,U(p,q))",7.43,"->(F(q),U(p,q))",5,TRUE
f:09-nw:050-ml:14-0.trace,tree-suf,"G(->(q,G(p)))","?u1(->(q,?u1(p)))",14.39,"G(->(q,G(p)))",5,TRUE
f:02-nw:400-ml:10-0.trace,tree-suf-bmc,"->(F(q),U(!(p),q))","?b1(F(q),?b2(!(p),q))",135.59,"->(F(q),U(!(p),q))",7,TRUE
f:08-nw:025-ml:10-0.trace,tree-suf-bmc,"->(F(q),U(p,q))","->(?1,U(p,q))",3.30,"->(F(q),U(p,q))",5,TRUE
f:01-nw:400-ml:10-0.trace,tree-suf,G(!(p)),?u1(!(p)),49.98,G(!(p)),3,TRUE
f:06-nw:010-ml:10-0.trace,tree-suf,"G(&(p,->(!(q),U(!(q),&(r,!(q))))))","G(&(p,?b1(!(q),?b2(!(q),&(r,!(q))))))",3.05,"G(&(p,->(!(q),U(!(q),&(r,!(q))))))",13,TRUE
f:04-nw:025-ml:10-0.trace,tree-suf,F(p),F(?1),0.44,F(p),2,TRUE
f:01-nw:010-ml:14-0.trace,tree-suf-bmc,G(!(p)),G(!(?1)),0.26,G(!(p)),3,TRUE
f:02-nw:050-ml:10-0.trace,tree-suf-bmc,"->(F(q),U(!(p),q))","?b1(F(q),?b2(!(p),q))",7.56,"->(F(q),&(!(p),q))",7,TRUE
f:08-nw:400-ml:10-0.trace,tree-suf-bmc,"->(F(q),U(p,q))","->(?1,U(p,q))",136.47,"->(F(q),U(p,q))",5,TRUE
f:02-nw:025-ml:10-0.trace,tree-suf-bmc,"->(F(q),U(!(p),q))","?b1(F(q),?b2(!(p),q))",3.54,"->(F(q),U(!(p),q))",7,TRUE
f:01-nw:025-ml:06-0.trace,tree-suf-bmc,G(!(p)),G(!(?1)),0.19,G(!(p)),3,TRUE
f:01-nw:050-ml:06-0.trace,tree-suf-bmc,G(!(p)),G(!(?1)),0.40,G(!(p)),3,TRUE
f:09-nw:100-ml:10-0.trace,tree-suf-bmc,"G(->(q,G(p)))","?u1(->(q,?u1(p)))",16.57,"G(->(q,G(p)))",5,TRUE
f:07-nw:200-ml:14-0.trace,tree-suf-bmc,G(p),G(?1),23.03,G(p),2,TRUE
f:02-nw:400-ml:14-0.trace,tree-suf,"->(F(q),U(!(p),q))","?b1(F(q),?b2(!(p),q))",385.29,"->(F(q),U(!(p),q))",7,TRUE
f:02-nw:025-ml:06-0.trace,tree-suf,"->(F(q),U(!(p),q))","->(?1,U(!(p),q))",1.86,"->(F(q),U(!(p),q))",6,TRUE
f:07-nw:025-ml:14-0.trace,tree-suf,G(p),G(?1),0.82,G(p),2,TRUE
f:07-nw:400-ml:06-0.trace,tree-suf,G(p),?u1(p),16.86,G(p),2,TRUE
f:05-nw:010-ml:14-0.trace,tree-suf,"|(G(!(p)),F(&(p,F(q))))","?b1(G(!(p)),F(?b2(p,F(q))))",5.10,"|(G(!(p)),F(&(p,F(q))))",9,TRUE
f:06-nw:025-ml:14-0.trace,tree-suf,"G(&(p,->(!(q),U(!(q),&(r,!(q))))))","G(&(p,?b1(!(q),?b2(!(q),&(r,!(q))))))",15.60,"G(&(p,->(!(q),U(!(q),&(r,!(q))))))",13,TRUE
f:06-nw:400-ml:06-0.trace,tree-suf,"G(&(p,->(!(q),U(!(q),&(r,!(q))))))","G(&(p,->(!(q),U(!(q),?1))))",77.18,"G(&(p,->(!(q),U(!(q),F(r)))))",10,TRUE
f:04-nw:010-ml:14-0.trace,tree-suf,F(p),F(?1),0.29,F(p),2,TRUE
f:03-nw:400-ml:14-0.trace,tree-suf,"G(->(q,G(!(p))))","G(->(q,?1))",590.65,"G(->(q,!(F(p))))",4,TRUE
f:03-nw:025-ml:06-0.trace,tree-suf,"G(->(q,G(!(p))))","?u1(->(q,?u1(!(p))))",1.43,"G(->(q,G(!(p))))",6,TRUE
f:01-nw:010-ml:06-0.trace,tree-suf,G(!(p)),G(!(?1)),0.12,G(!(p)),3,TRUE
f:06-nw:200-ml:06-0.trace,tree-suf-bmc,"G(&(p,->(!(q),U(!(q),&(r,!(q))))))","G(&(p,->(!(q),U(!(q),?1))))",19.12,"G(&(p,->(!(q),U(!(q),r))))",10,TRUE
f:05-nw:200-ml:10-0.trace,tree-suf-bmc,"|(G(!(p)),F(&(p,F(q))))","?b1(G(!(p)),F(?b2(p,F(q))))",56.45,"|(G(!(p)),F(&(p,F(q))))",9,TRUE
f:09-nw:010-ml:10-0.trace,tree-suf-bmc,"G(->(q,G(p)))","G(->(q,?1))",0.43,"G(->(q,p))",4,TRUE
f:01-nw:100-ml:14-0.trace,tree-suf-bmc,G(!(p)),?u1(!(p)),8.39,G(!(p)),3,TRUE
f:09-nw:200-ml:10-0.trace,tree-suf,"G(->(q,G(p)))","?u1(->(q,?u1(p)))",52.52,"G(->(q,G(p)))",5,TRUE
f:08-nw:200-ml:10-0.trace,tree-suf,"->(F(q),U(p,q))","->(?1,U(p,q))",70.64,"->(F(q),U(p,q))",5,TRUE
f:03-nw:010-ml:10-0.trace,tree-suf-bmc,"G(->(q,G(!(p))))","?u1(->(q,?u1(!(p))))",1.35,"G(->(q,G(!(p))))",6,TRUE
f:08-nw:010-ml:14-0.trace,tree-suf,"->(F(q),U(p,q))","->(?1,U(p,q))",3.82,"->(F(q),U(p,q))",5,TRUE
f:07-nw:050-ml:10-0.trace,tree-suf,G(p),G(?1),0.87,G(p),2,TRUE
f:08-nw:010-ml:14-0.trace,tree-suf-bmc,"->(F(q),U(p,q))","->(?1,U(p,q))",1.82,"->(F(q),U(p,q))",5,TRUE
f:06-nw:050-ml:10-0.trace,tree-suf,"G(&(p,->(!(q),U(!(q),&(r,!(q))))))","G(&(p,?b1(!(q),?b2(!(q),&(r,!(q))))))",14.90,"G(&(p,->(!(q),U(!(q),&(r,!(q))))))",13,TRUE
f:09-nw:010-ml:14-0.trace,tree-suf,"G(->(q,G(p)))","?u1(->(q,?u1(p)))",2.45,"G(->(q,G(p)))",5,TRUE
f:04-nw:200-ml:14-0.trace,tree-suf-bmc,F(p),?u1(p),26.89,F(p),2,TRUE
f:08-nw:400-ml:06-0.trace,tree-suf-bmc,"->(F(q),U(p,q))","->(?1,U(p,q))",45.49,"->(F(q),U(p,q))",5,TRUE
f:02-nw:050-ml:06-0.trace,tree-suf-bmc,"->(F(q),U(!(p),q))","?b1(F(q),?b2(!(p),q))",2.93,"->(F(q),&(!(p),q))",7,TRUE
f:02-nw:025-ml:06-0.trace,tree-suf-bmc,"->(F(q),U(!(p),q))","?b1(F(q),?b2(!(p),q))",1.53,"->(F(q),&(!(p),q))",7,TRUE
f:09-nw:100-ml:06-0.trace,tree-suf-bmc,"G(->(q,G(p)))","?u1(->(q,?u1(p)))",5.22,"G(->(q,G(p)))",5,TRUE
f:01-nw:025-ml:10-0.trace,tree-suf-bmc,G(!(p)),G(!(?1)),0.38,G(!(p)),3,TRUE
f:01-nw:050-ml:10-0.trace,tree-suf-bmc,G(!(p)),G(!(?1)),1.01,G(!(p)),3,TRUE
f:02-nw:010-ml:14-0.trace,tree-suf-bmc,"->(F(q),U(!(p),q))","?b1(F(q),?b2(!(p),q))",2.15,"->(F(q),&(!(p),q))",7,TRUE
f:03-nw:100-ml:06-0.trace,tree-suf-bmc,"G(->(q,G(!(p))))","G(->(q,?1))",13.05,"G(->(q,G(!(p))))",4,TRUE
f:05-nw:050-ml:14-0.trace,tree-suf,"|(G(!(p)),F(&(p,F(q))))","?b1(G(!(p)),F(?b2(p,F(q))))",29.83,"U(G(!(p)),F(&(p,F(q))))",9,TRUE
f:01-nw:400-ml:10-0.trace,tree-suf-bmc,G(!(p)),G(!(?1)),44.88,G(!(p)),3,TRUE
f:08-nw:025-ml:10-0.trace,tree-suf,"->(F(q),U(p,q))","->(?1,U(p,q))",5.45,"->(F(q),U(p,q))",5,TRUE
f:01-nw:050-ml:06-0.trace,tree-suf,G(!(p)),G(!(?1)),0.43,G(!(p)),3,TRUE
f:09-nw:025-ml:10-0.trace,tree-suf,"G(->(q,G(p)))","?u1(->(q,?u1(p)))",3.38,"G(->(q,G(p)))",5,TRUE
f:04-nw:050-ml:14-0.trace,tree-suf,F(p),F(?1),2.23,F(p),2,TRUE
f:02-nw:400-ml:06-0.trace,tree-suf-bmc,"->(F(q),U(!(p),q))","?b1(F(q),?b2(!(p),q))",47.02,"->(F(q),U(!(p),q))",7,TRUE
f:08-nw:050-ml:06-0.trace,tree-suf-bmc,"->(F(q),U(p,q))","->(?1,U(p,q))",2.59,"->(F(q),U(p,q))",5,TRUE
f:08-nw:025-ml:06-0.trace,tree-suf-bmc,"->(F(q),U(p,q))","->(?1,U(p,q))",1.27,"->(F(q),U(p,q))",5,TRUE
f:03-nw:010-ml:06-0.trace,tree-suf-bmc,"G(->(q,G(!(p))))","?u1(->(q,?u1(!(p))))",0.67,"G(->(q,G(!(p))))",6,TRUE
f:02-nw:100-ml:14-0.trace,tree-suf,"->(F(q),U(!(p),q))","?b1(F(q),?b2(!(p),q))",59.53,"->(F(q),U(!(p),q))",7,TRUE
f:04-nw:200-ml:10-0.trace,tree-suf,F(p),F(?1),11.80,F(p),2,TRUE
f:09-nw:050-ml:14-0.trace,tree-suf-bmc,"G(->(q,G(p)))","G(->(q,?1))",7.04,"G(->(q,p))",4,TRUE
f:03-nw:400-ml:14-0.trace,tree-suf-bmc,"G(->(q,G(!(p))))","?u1(->(q,?u1(!(p))))",375.53,"G(->(q,G(!(p))))",6,TRUE
f:09-nw:025-ml:14-0.trace,tree-suf-bmc,"G(->(q,G(p)))","G(->(q,?1))",2.14,"G(->(q,p))",4,TRUE
f:07-nw:100-ml:06-0.trace,tree-suf,G(p),?u1(p),1.61,G(p),2,TRUE
f:02-nw:100-ml:14-0.trace,tree-suf-bmc,"->(F(q),U(!(p),q))","->(?1,U(!(p),q))",35.85,"->(F(q),U(!(p),q))",6,TRUE
f:06-nw:100-ml:06-0.trace,tree-suf,"G(&(p,->(!(q),U(!(q),&(r,!(q))))))","G(&(p,->(!(q),U(!(q),?1))))",8.02,"G(&(p,->(!(q),U(!(q),r))))",10,TRUE
f:05-nw:200-ml:10-0.trace,tree-suf,"|(G(!(p)),F(&(p,F(q))))","?b1(G(!(p)),F(?b2(p,F(q))))",74.55,"U(G(!(p)),F(&(p,F(q))))",9,TRUE
f:03-nw:100-ml:14-0.trace,tree-suf,"G(->(q,G(!(p))))","G(->(q,?1))",109.17,"G(->(q,G(!(p))))",4,TRUE
f:03-nw:200-ml:06-0.trace,tree-suf,"G(->(q,G(!(p))))","?u1(->(q,?u1(!(p))))",17.38,"G(->(q,G(!(p))))",6,TRUE
f:09-nw:010-ml:06-0.trace,tree-suf-bmc,"G(->(q,G(p)))","G(->(q,?1))",0.20,"G(->(q,p))",4,TRUE
f:06-nw:200-ml:14-0.trace,tree-suf,"G(&(p,->(!(q),U(!(q),&(r,!(q))))))","G(&(p,?b1(!(q),?b2(!(q),&(r,!(q))))))",185.31,"G(&(p,->(!(q),U(!(q),&(r,!(q))))))",13,TRUE
f:01-nw:100-ml:10-0.trace,tree-suf,G(!(p)),?u1(!(p)),4.48,G(!(p)),3,TRUE
f:07-nw:200-ml:14-0.trace,tree-suf,G(p),G(?1),24.62,G(p),2,TRUE
f:02-nw:200-ml:06-0.trace,tree-suf,"->(F(q),U(!(p),q))","->(?1,U(!(p),q))",21.11,"->(F(q),U(!(p),q))",6,TRUE
f:08-nw:100-ml:14-0.trace,tree-suf-bmc,"->(F(q),U(p,q))","?b1(F(q),?b2(p,q))",34.71,"->(F(q),&(p,q))",6,TRUE
f:06-nw:200-ml:10-0.trace,tree-suf-bmc,"G(&(p,->(!(q),U(!(q),&(r,!(q))))))","G(&(p,->(!(q),U(!(q),?1))))",52.21,"G(&(p,->(!(q),U(!(q),r))))",10,TRUE
f:03-nw:050-ml:14-0.trace,tree-suf-bmc,"G(->(q,G(!(p))))","?u1(->(q,?u1(!(p))))",12.10,"G(->(q,G(!(p))))",6,TRUE
f:09-nw:400-ml:14-0.trace,tree-suf-bmc,"G(->(q,G(p)))","G(->(q,?1))",357.59,"G(->(q,G(p)))",4,TRUE
f:03-nw:025-ml:14-0.trace,tree-suf-bmc,"G(->(q,G(!(p))))","?u1(->(q,?u1(!(p))))",4.88,"G(->(q,G(!(p))))",6,TRUE
f:05-nw:200-ml:06-0.trace,tree-suf-bmc,"|(G(!(p)),F(&(p,F(q))))","?b1(G(!(p)),F(?b2(p,F(q))))",18.89,"U(G(!(p)),F(&(p,F(q))))",9,TRUE
f:09-nw:010-ml:06-0.trace,tree-suf,"G(->(q,G(p)))","G(->(q,?1))",0.22,"G(->(q,p))",4,TRUE
f:03-nw:050-ml:10-0.trace,tree-suf,"G(->(q,G(!(p))))","G(->(q,?1))",22.31,"G(->(q,!(F(p))))",4,TRUE
f:06-nw:025-ml:10-0.trace,tree-suf-bmc,"G(&(p,->(!(q),U(!(q),&(r,!(q))))))","G(&(p,->(!(q),U(!(q),?1))))",2.47,"G(&(p,->(!(q),U(!(q),r))))",10,TRUE
f:06-nw:050-ml:10-0.trace,tree-suf-bmc,"G(&(p,->(!(q),U(!(q),&(r,!(q))))))","G(&(p,->(!(q),U(!(q),?1))))",6.17,"G(&(p,->(!(q),U(!(q),r))))",10,TRUE
f:05-nw:050-ml:06-0.trace,tree-suf-bmc,"|(G(!(p)),F(&(p,F(q))))","?b1(G(!(p)),F(?b2(p,F(q))))",3.61,"U(G(!(p)),F(&(p,F(q))))",9,TRUE
f:05-nw:025-ml:06-0.trace,tree-suf-bmc,"|(G(!(p)),F(&(p,F(q))))","?b1(G(!(p)),F(?b2(p,F(q))))",1.83,"|(G(!(p)),F(&(p,F(q))))",9,TRUE
f:03-nw:200-ml:14-0.trace,tree-suf-bmc,"G(->(q,G(!(p))))","?u1(->(q,?u1(!(p))))",102.98,"G(->(q,G(!(p))))",6,TRUE
f:02-nw:050-ml:10-0.trace,tree-suf,"->(F(q),U(!(p),q))","?b1(F(q),?b2(!(p),q))",11.06,"->(F(q),&(!(p),q))",7,TRUE
f:08-nw:010-ml:06-0.trace,tree-suf,"->(F(q),U(p,q))","?b1(F(q),?b2(p,q))",0.88,"->(F(q),&(p,q))",6,TRUE
f:04-nw:050-ml:06-0.trace,tree-suf,F(p),?u1(p),0.71,F(p),2,TRUE
f:09-nw:400-ml:10-0.trace,tree-suf,"G(->(q,G(p)))","?u1(->(q,?u1(p)))",178.79,"G(->(q,G(p)))",5,TRUE
f:01-nw:050-ml:14-0.trace,tree-suf,G(!(p)),?u1(!(p)),3.70,G(!(p)),3,TRUE
f:08-nw:400-ml:10-0.trace,tree-suf,"->(F(q),U(p,q))","->(?1,U(p,q))",166.58,"->(F(q),U(p,q))",5,TRUE
f:05-nw:010-ml:14-0.trace,tree-suf-bmc,"|(G(!(p)),F(&(p,F(q))))","?b1(G(!(p)),F(?b2(p,F(q))))",2.39,"U(G(!(p)),F(&(p,F(q))))",9,TRUE
f:05-nw:050-ml:06-0.trace,tree-suf,"|(G(!(p)),F(&(p,F(q))))","|(?1,F(&(p,F(q))))",3.71,"|(G(q),F(&(p,F(q))))",7,TRUE
f:05-nw:400-ml:06-0.trace,tree-suf-bmc,"|(G(!(p)),F(&(p,F(q))))","?b1(G(!(p)),F(?b2(p,F(q))))",57.29,"|(G(!(p)),F(&(p,F(q))))",9,TRUE
f:09-nw:200-ml:14-0.trace,tree-suf-bmc,"G(->(q,G(p)))","G(->(q,?1))",99.17,"G(->(q,G(p)))",4,TRUE
f:07-nw:100-ml:10-0.trace,tree-suf-bmc,G(p),?u1(p),3.61,G(p),2,TRUE
f:06-nw:400-ml:10-0.trace,tree-suf-bmc,"G(&(p,->(!(q),U(!(q),&(r,!(q))))))","G(&(p,->(!(q),U(!(q),?1))))",171.39,"G(&(p,->(!(q),U(!(q),r))))",10,TRUE
f:04-nw:100-ml:06-0.trace,tree-suf-bmc,F(p),F(?1),1.05,F(p),2,TRUE
f:03-nw:100-ml:06-0.trace,tree-suf,"G(->(q,G(!(p))))","?u1(->(q,?u1(!(p))))",6.41,"G(->(q,G(!(p))))",6,TRUE
f:06-nw:100-ml:14-0.trace,tree-suf,"G(&(p,->(!(q),U(!(q),&(r,!(q))))))","G(&(p,?b1(!(q),?b2(!(q),&(r,!(q))))))",78.56,"G(&(p,U(!(q),->(!(q),&(r,!(q))))))",13,TRUE
f:04-nw:010-ml:06-0.trace,tree-suf-bmc,F(p),?u1(p),0.16,F(p),2,TRUE
f:07-nw:100-ml:14-0.trace,tree-suf,G(p),G(?1),6.94,G(p),2,TRUE
f:01-nw:200-ml:10-0.trace,tree-suf,G(!(p)),?u1(!(p)),13.90,G(!(p)),3,TRUE
f:07-nw:010-ml:10-0.trace,tree-suf-bmc,G(p),G(?1),0.14,G(p),2,TRUE
f:02-nw:100-ml:06-0.trace,tree-suf,"->(F(q),U(!(p),q))","->(?1,U(!(p),q))",7.41,"->(F(q),U(!(p),q))",6,TRUE
f:05-nw:100-ml:14-0.trace,tree-suf-bmc,"|(G(!(p)),F(&(p,F(q))))","|(?1,F(&(p,F(q))))",35.76,"|(G(q),F(&(p,F(q))))",7,TRUE
f:08-nw:200-ml:06-0.trace,tree-suf-bmc,"->(F(q),U(p,q))","->(?1,U(p,q))",18.42,"->(F(q),U(p,q))",5,TRUE
f:04-nw:400-ml:14-0.trace,tree-suf-bmc,F(p),?u1(p),97.93,F(p),2,TRUE
f:02-nw:200-ml:06-0.trace,tree-suf-bmc,"->(F(q),U(!(p),q))","?b1(F(q),?b2(!(p),q))",19.36,"->(F(q),U(!(p),q))",7,TRUE
f:04-nw:050-ml:14-0.trace,tree-suf-bmc,F(p),?u1(p),2.80,F(p),2,TRUE
f:04-nw:100-ml:10-0.trace,tree-suf,F(p),F(?1),3.06,F(p),2,TRUE
f:02-nw:200-ml:14-0.trace,tree-suf,"->(F(q),U(!(p),q))","?b1(F(q),?b2(!(p),q))",162.89,"->(F(q),U(!(p),q))",7,TRUE
f:04-nw:025-ml:14-0.trace,tree-suf-bmc,F(p),?u1(p),1.08,F(p),2,TRUE
f:07-nw:200-ml:06-0.trace,tree-suf,G(p),?u1(p),4.86,G(p),2,TRUE
f:06-nw:200-ml:06-0.trace,tree-suf,"G(&(p,->(!(q),U(!(q),&(r,!(q))))))","G(&(p,->(!(q),U(!(q),?1))))",21.21,"G(&(p,->(!(q),U(!(q),r))))",10,TRUE
f:01-nw:200-ml:10-0.trace,tree-suf-bmc,G(!(p)),G(!(?1)),11.46,G(!(p)),3,TRUE
f:03-nw:200-ml:14-0.trace,tree-suf,"G(->(q,G(!(p))))","G(->(q,?1))",233.71,"G(->(q,!(F(p))))",4,TRUE
f:05-nw:100-ml:10-0.trace,tree-suf,"|(G(!(p)),F(&(p,F(q))))","?b1(G(!(p)),F(?b2(p,F(q))))",28.59,"|(G(!(p)),F(&(p,F(q))))",9,TRUE
f:09-nw:010-ml:14-0.trace,tree-suf,"G(->(q,G(p)))","G(->(q,?1))",0.84,"G(->(q,p))",4,TRUE
f:08-nw:010-ml:14-0.trace,tree-suf-bmc,"->(F(q),U(p,q))","?b1(F(q),?b2(p,q))",1.91,"->(F(q),U(p,q))",6,TRUE
f:06-nw:050-ml:10-0.trace,tree-suf,"G(&(p,->(!(q),U(!(q),&(r,!(q))))))","G(&(p,->(!(q),U(!(q),?1))))",8.34,"G(&(p,->(!(q),U(!(q),r))))",10,TRUE
f:07-nw:050-ml:10-0.trace,tree-suf,G(p),?u1(p),1.40,G(p),2,TRUE
f:08-nw:010-ml:14-0.trace,tree-suf,"->(F(q),U(p,q))","?b1(F(q),?b2(p,q))",4.40,"->(F(q),&(p,q))",6,TRUE
f:09-nw:100-ml:06-0.trace,tree-suf-bmc,"G(->(q,G(p)))","G(->(q,?1))",5.53,"G(->(q,G(p)))",4,TRUE
f:01-nw:025-ml:10-0.trace,tree-suf-bmc,G(!(p)),?u1(!(p)),0.69,G(!(p)),3,TRUE
f:01-nw:050-ml:10-0.trace,tree-suf-bmc,G(!(p)),?u1(!(p)),1.54,G(!(p)),3,TRUE
f:04-nw:200-ml:14-0.trace,tree-suf-bmc,F(p),F(?1),24.21,F(p),2,TRUE
f:08-nw:400-ml:06-0.trace,tree-suf-bmc,"->(F(q),U(p,q))","?b1(F(q),?b2(p,q))",47.42,"->(F(q),U(p,q))",6,TRUE
f:02-nw:050-ml:06-0.trace,tree-suf-bmc,"->(F(q),U(!(p),q))","->(?1,U(!(p),q))",3.02,"->(F(q),U(!(p),q))",6,TRUE
f:02-nw:025-ml:06-0.trace,tree-suf-bmc,"->(F(q),U(!(p),q))","->(?1,U(!(p),q))",1.33,"->(F(q),U(!(p),q))",6,TRUE
f:02-nw:010-ml:14-0.trace,tree-suf-bmc,"->(F(q),U(!(p),q))","->(?1,U(!(p),q))",2.04,"->(F(q),U(!(p),q))",6,TRUE
f:04-nw:050-ml:14-0.trace,tree-suf,F(p),?u1(p),3.53,F(p),2,TRUE
f:02-nw:400-ml:06-0.trace,tree-suf-bmc,"->(F(q),U(!(p),q))","->(?1,U(!(p),q))",45.84,"->(F(q),U(!(p),q))",6,TRUE
f:08-nw:050-ml:06-0.trace,tree-suf-bmc,"->(F(q),U(p,q))","?b1(F(q),?b2(p,q))",2.83,"->(F(q),U(p,q))",6,TRUE
f:08-nw:025-ml:06-0.trace,tree-suf-bmc,"->(F(q),U(p,q))","?b1(F(q),?b2(p,q))",1.24,"->(F(q),&(p,q))",6,TRUE
f:01-nw:050-ml:06-0.trace,tree-suf,G(!(p)),?u1(!(p)),0.65,G(!(p)),3,TRUE
f:09-nw:025-ml:10-0.trace,tree-suf,"G(->(q,G(p)))","G(->(q,?1))",1.40,"G(->(q,p))",4,TRUE
f:08-nw:025-ml:10-0.trace,tree-suf,"->(F(q),U(p,q))","?b1(F(q),?b2(p,q))",6.02,"->(F(q),&(p,q))",6,TRUE
f:05-nw:050-ml:14-0.trace,tree-suf,"|(G(!(p)),F(&(p,F(q))))","|(?1,F(&(p,F(q))))",19.10,"|(G(p),F(&(p,F(q))))",7,TRUE
f:03-nw:100-ml:06-0.trace,tree-suf-bmc,"G(->(q,G(!(p))))","?u1(->(q,?u1(!(p))))",5.78,"G(->(q,G(!(p))))",6,TRUE
f:01-nw:400-ml:10-0.trace,tree-suf-bmc,G(!(p)),?u1(!(p)),47.17,G(!(p)),3,TRUE
f:03-nw:010-ml:06-0.trace,tree-suf-bmc,"G(->(q,G(!(p))))","G(->(q,?1))",0.68,"G(->(q,!(p)))",4,TRUE
f:03-nw:100-ml:14-0.trace,tree-suf,"G(->(q,G(!(p))))","?u1(->(q,?u1(!(p))))",38.19,"G(->(q,G(!(p))))",6,TRUE
f:05-nw:200-ml:10-0.trace,tree-suf,"|(G(!(p)),F(&(p,F(q))))","|(?1,F(&(p,F(q))))",59.07,"|(G(p),F(&(p,F(q))))",7,TRUE
f:02-nw:100-ml:14-0.trace,tree-suf-bmc,"->(F(q),U(!(p),q))","?b1(F(q),?b2(!(p),q))",35.01,"->(F(q),&(!(p),q))",7,TRUE
f:06-nw:100-ml:06-0.trace,tree-suf,"G(&(p,->(!(q),U(!(q),&(r,!(q))))))","G(&(p,?b1(!(q),?b2(!(q),&(r,!(q))))))",13.99,"G(&(p,->(!(q),U(!(q),&(r,!(q))))))",13,TRUE
f:09-nw:050-ml:14-0.trace,tree-suf-bmc,"G(->(q,G(p)))","?u1(->(q,?u1(p)))",11.30,"G(->(q,G(p)))",5,TRUE
f:03-nw:400-ml:14-0.trace,tree-suf-bmc,"G(->(q,G(!(p))))","G(->(q,?1))",482.02,"G(->(q,G(!(p))))",4,TRUE
f:09-nw:025-ml:14-0.trace,tree-suf-bmc,"G(->(q,G(p)))","?u1(->(q,?u1(p)))",4.60,"G(->(q,G(p)))",5,TRUE
f:07-nw:100-ml:06-0.trace,tree-suf,G(p),G(?1),1.27,G(p),2,TRUE
f:04-nw:200-ml:10-0.trace,tree-suf,F(p),?u1(p),13.39,F(p),2,TRUE
f:02-nw:100-ml:14-0.trace,tree-suf,"->(F(q),U(!(p),q))","->(?1,U(!(p),q))",55.77,"->(F(q),U(!(p),q))",6,TRUE
f:02-nw:200-ml:06-0.trace,tree-suf,"->(F(q),U(!(p),q))","?b1(F(q),?b2(!(p),q))",23.61,"->(F(q),U(!(p),q))",7,TRUE
f:07-nw:200-ml:14-0.trace,tree-suf,G(p),?u1(p),28.91,G(p),2,TRUE
f:01-nw:100-ml:10-0.trace,tree-suf,G(!(p)),G(!(?1)),3.51,G(!(p)),3,TRUE
f:06-nw:200-ml:14-0.trace,tree-suf,"G(&(p,->(!(q),U(!(q),&(r,!(q))))))","G(&(p,->(!(q),U(!(q),?1))))",135.04,"G(&(p,->(!(q),U(!(q),p))))",10,TRUE
f:09-nw:010-ml:06-0.trace,tree-suf-bmc,"G(->(q,G(p)))","?u1(->(q,?u1(p)))",0.49,"G(->(q,G(p)))",5,TRUE
f:03-nw:200-ml:06-0.trace,tree-suf,"G(->(q,G(!(p))))","G(->(q,?1))",34.56,"G(->(q,G(!(p))))",4,TRUE
f:03-nw:050-ml:14-0.trace,tree-suf-bmc,"G(->(q,G(!(p))))","G(->(q,?1))",28.91,"G(->(q,G(!(p))))",4,TRUE
f:09-nw:400-ml:14-0.trace,tree-suf-bmc,"G(->(q,G(p)))","?u1(->(q,?u1(p)))",364.99,"G(->(q,G(p)))",5,TRUE
f:03-nw:025-ml:14-0.trace,tree-suf-bmc,"G(->(q,G(!(p))))","G(->(q,?1))",13.30,"G(->(q,G(!(p))))",4,TRUE
f:05-nw:200-ml:06-0.trace,tree-suf-bmc,"|(G(!(p)),F(&(p,F(q))))","|(?1,F(&(p,F(q))))",18.60,"|(G(q),F(&(p,F(q))))",7,TRUE
f:08-nw:100-ml:14-0.trace,tree-suf-bmc,"->(F(q),U(p,q))","->(?1,U(p,q))",34.67,"->(F(q),U(p,q))",5,TRUE
f:06-nw:200-ml:10-0.trace,tree-suf-bmc,"G(&(p,->(!(q),U(!(q),&(r,!(q))))))","G(&(p,?b1(!(q),?b2(!(q),&(r,!(q))))))",69.10,"G(&(p,->(!(q),U(!(q),&(r,!(q))))))",13,TRUE
f:08-nw:010-ml:06-0.trace,tree-suf,"->(F(q),U(p,q))","->(?1,U(p,q))",0.81,"->(F(q),U(p,q))",5,TRUE
f:02-nw:050-ml:10-0.trace,tree-suf,"->(F(q),U(!(p),q))","->(?1,U(!(p),q))",10.31,"->(F(q),U(!(p),q))",6,TRUE
f:05-nw:050-ml:06-0.trace,tree-suf-bmc,"|(G(!(p)),F(&(p,F(q))))","|(?1,F(&(p,F(q))))",3.21,"|(G(q),F(&(p,F(q))))",7,TRUE
f:05-nw:025-ml:06-0.trace,tree-suf-bmc,"|(G(!(p)),F(&(p,F(q))))","|(?1,F(&(p,F(q))))",1.71,"|(G(q),F(&(p,F(q))))",7,TRUE
f:03-nw:200-ml:14-0.trace,tree-suf-bmc,"G(->(q,G(!(p))))","G(->(q,?1))",153.27,"G(->(q,!(F(p))))",4,TRUE
f:06-nw:025-ml:10-0.trace,tree-suf-bmc,"G(&(p,->(!(q),U(!(q),&(r,!(q))))))","G(&(p,?b1(!(q),?b2(!(q),&(r,!(q))))))",4.65,"G(&(p,->(!(q),U(!(q),&(r,!(q))))))",13,TRUE
f:06-nw:050-ml:10-0.trace,tree-suf-bmc,"G(&(p,->(!(q),U(!(q),&(r,!(q))))))","G(&(p,?b1(!(q),?b2(!(q),&(r,!(q))))))",10.45,"G(&(p,->(!(q),U(!(q),&(r,!(q))))))",13,TRUE
f:03-nw:050-ml:10-0.trace,tree-suf,"G(->(q,G(!(p))))","?u1(->(q,?u1(!(p))))",8.46,"G(->(q,G(!(p))))",6,TRUE
f:09-nw:010-ml:06-0.trace,tree-suf,"G(->(q,G(p)))","?u1(->(q,?u1(p)))",0.58,"G(->(q,G(p)))",5,TRUE
f:05-nw:010-ml:14-0.trace,tree-suf-bmc,"|(G(!(p)),F(&(p,F(q))))","|(?1,F(&(p,F(q))))",2.06,"|(G(p),F(&(p,F(q))))",7,TRUE
f:05-nw:050-ml:06-0.trace,tree-suf,"|(G(!(p)),F(&(p,F(q))))","?b1(G(!(p)),F(?b2(p,F(q))))",4.53,"U(G(!(p)),F(&(p,F(q))))",9,TRUE
f:08-nw:400-ml:10-0.trace,tree-suf,"->(F(q),U(p,q))","?b1(F(q),?b2(p,q))",168.17,"->(F(q),U(p,q))",6,TRUE
f:09-nw:400-ml:10-0.trace,tree-suf,"G(->(q,G(p)))","G(->(q,?1))",181.20,"G(->(q,G(p)))",4,TRUE
f:01-nw:050-ml:14-0.trace,tree-suf,G(!(p)),G(!(?1)),2.27,G(!(p)),3,TRUE
f:04-nw:050-ml:06-0.trace,tree-suf,F(p),F(?1),0.42,F(p),2,TRUE
f:06-nw:400-ml:10-0.trace,tree-suf-bmc,"G(&(p,->(!(q),U(!(q),&(r,!(q))))))","G(&(p,?b1(!(q),?b2(!(q),&(r,!(q))))))",190.50,"G(&(p,->(!(q),U(!(q),&(r,!(q))))))",13,TRUE
f:04-nw:100-ml:06-0.trace,tree-suf-bmc,F(p),?u1(p),1.35,F(p),2,TRUE
f:05-nw:400-ml:06-0.trace,tree-suf-bmc,"|(G(!(p)),F(&(p,F(q))))","|(?1,F(&(p,F(q))))",81.08,"|(!(F(p)),F(&(p,F(q))))",7,TRUE
f:09-nw:200-ml:14-0.trace,tree-suf-bmc,"G(->(q,G(p)))","?u1(->(q,?u1(p)))",96.12,"G(->(q,G(p)))",5,TRUE
f:07-nw:100-ml:10-0.trace,tree-suf-bmc,G(p),G(?1),2.63,G(p),2,TRUE
f:02-nw:100-ml:06-0.trace,tree-suf,"->(F(q),U(!(p),q))","?b1(F(q),?b2(!(p),q))",7.96,"->(F(q),&(!(p),q))",7,TRUE
f:01-nw:200-ml:10-0.trace,tree-suf,G(!(p)),G(!(?1)),11.72,G(!(p)),3,TRUE
f:07-nw:100-ml:14-0.trace,tree-suf,G(p),?u1(p),9.61,G(p),2,TRUE
f:07-nw:010-ml:10-0.trace,tree-suf-bmc,G(p),?u1(p),0.28,G(p),2,TRUE
f:06-nw:100-ml:14-0.trace,tree-suf,"G(&(p,->(!(q),U(!(q),&(r,!(q))))))","G(&(p,->(!(q),U(!(q),?1))))",47.71,"G(&(p,->(!(q),U(!(q),p))))",10,TRUE
f:04-nw:010-ml:06-0.trace,tree-suf-bmc,F(p),F(?1),0.10,F(p),2,TRUE
f:03-nw:100-ml:06-0.trace,tree-suf,"G(->(q,G(!(p))))","G(->(q,?1))",16.10,"G(->(q,!(F(p))))",4,TRUE
f:08-nw:200-ml:06-0.trace,tree-suf-bmc,"->(F(q),U(p,q))","?b1(F(q),?b2(p,q))",18.29,"->(F(q),U(p,q))",6,TRUE
f:04-nw:400-ml:14-0.trace,tree-suf-bmc,F(p),F(?1),95.30,F(p),2,TRUE
f:05-nw:100-ml:14-0.trace,tree-suf-bmc,"|(G(!(p)),F(&(p,F(q))))","?b1(G(!(p)),F(?b2(p,F(q))))",38.13,"U(G(!(p)),F(&(p,F(q))))",9,TRUE
f:01-nw:200-ml:10-0.trace,tree-suf-bmc,G(!(p)),?u1(!(p)),12.73,G(!(p)),3,TRUE
f:05-nw:100-ml:10-0.trace,tree-suf,"|(G(!(p)),F(&(p,F(q))))","|(?1,F(&(p,F(q))))",21.39,"|(G(p),F(&(p,F(q))))",7,TRUE
f:03-nw:200-ml:14-0.trace,tree-suf,"G(->(q,G(!(p))))","?u1(->(q,?u1(!(p))))",113.65,"G(->(q,G(!(p))))",6,TRUE
f:06-nw:200-ml:06-0.trace,tree-suf,"G(&(p,->(!(q),U(!(q),&(r,!(q))))))","G(&(p,?b1(!(q),?b2(!(q),&(r,!(q))))))",32.48,"G(&(p,->(!(q),U(!(q),&(r,!(q))))))",13,TRUE
f:07-nw:200-ml:06-0.trace,tree-suf,G(p),G(?1),4.12,G(p),2,TRUE
f:02-nw:200-ml:06-0.trace,tree-suf-bmc,"->(F(q),U(!(p),q))","->(?1,U(!(p),q))",17.96,"->(F(q),U(!(p),q))",6,TRUE
f:02-nw:200-ml:14-0.trace,tree-suf,"->(F(q),U(!(p),q))","->(?1,U(!(p),q))",144.07,"->(F(q),U(!(p),q))",6,TRUE
f:04-nw:050-ml:14-0.trace,tree-suf-bmc,F(p),F(?1),1.88,F(p),2,TRUE
f:04-nw:100-ml:10-0.trace,tree-suf,F(p),?u1(p),4.00,F(p),2,TRUE
f:04-nw:025-ml:14-0.trace,tree-suf-bmc,F(p),F(?1),0.60,F(p),2,TRUE
f:04-nw:100-ml:10-0.trace,tree-suf-bmc,F(p),?u1(p),3.60,F(p),2,TRUE
f:06-nw:400-ml:06-0.trace,tree-suf-bmc,"G(&(p,->(!(q),U(!(q),&(r,!(q))))))","G(&(p,?b1(!(q),?b2(!(q),&(r,!(q))))))",71.49,"G(&(p,->(!(q),U(!(q),&(r,!(q))))))",13,TRUE
f:07-nw:100-ml:06-0.trace,tree-suf-bmc,G(p),G(?1),1.21,G(p),2,TRUE
f:05-nw:400-ml:10-0.trace,tree-suf-bmc,"|(G(!(p)),F(&(p,F(q))))","|(?1,F(&(p,F(q))))",215.95,"|(!(F(p)),F(&(p,F(q))))",7,TRUE
f:05-nw:400-ml:10-0.trace,tree-suf,"|(G(!(p)),F(&(p,F(q))))","|(?1,F(&(p,F(q))))",263.87,"|(G(!(p)),F(&(p,F(q))))",7,TRUE
f:08-nw:050-ml:06-0.trace,tree-suf,"->(F(q),U(p,q))","->(?1,U(p,q))",3.08,"->(F(q),U(p,q))",5,TRUE
f:02-nw:010-ml:10-0.trace,tree-suf,"->(F(q),U(!(p),q))","->(?1,U(!(p),q))",1.92,"->(F(q),U(!(p),q))",6,TRUE
f:01-nw:025-ml:10-0.trace,tree-suf,G(!(p)),G(!(?1)),0.45,G(!(p)),3,TRUE
f:03-nw:010-ml:10-0.trace,tree-suf,"G(->(q,G(!(p))))","?u1(->(q,?u1(!(p))))",1.75,"G(->(q,G(!(p))))",6,TRUE
f:09-nw:050-ml:06-0.trace,tree-suf,"G(->(q,G(p)))","?u1(->(q,?u1(p)))",2.48,"G(->(q,G(p)))",5,TRUE
f:06-nw:010-ml:14-0.trace,tree-suf-bmc,"G(&(p,->(!(q),U(!(q),&(r,!(q))))))","G(&(p,?b1(!(q),?b2(!(q),&(r,!(q))))))",2.74,"G(&(p,->(!(q),U(!(q),&(r,!(q))))))",13,TRUE
f:04-nw:400-ml:10-0.trace,tree-suf,F(p),?u1(p),49.09,F(p),2,TRUE
f:05-nw:050-ml:10-0.trace,tree-suf-bmc,"|(G(!(p)),F(&(p,F(q))))","|(?1,F(&(p,F(q))))",7.56,"|(G(p),F(&(p,F(q))))",7,TRUE
f:05-nw:025-ml:10-0.trace,tree-suf-bmc,"|(G(!(p)),F(&(p,F(q))))","|(?1,F(&(p,F(q))))",3.45,"|(G(p),F(&(p,F(q))))",7,TRUE
f:02-nw:400-ml:06-0.trace,tree-suf,"->(F(q),U(!(p),q))","?b1(F(q),?b2(!(p),q))",52.76,"->(F(q),U(!(p),q))",7,TRUE
f:02-nw:025-ml:14-0.trace,tree-suf,"->(F(q),U(!(p),q))","->(?1,U(!(p),q))",10.80,"->(F(q),U(!(p),q))",6,TRUE
f:05-nw:010-ml:06-0.trace,tree-suf,"|(G(!(p)),F(&(p,F(q))))","?b1(G(!(p)),F(?b2(p,F(q))))",1.06,"U(G(!(p)),F(&(p,F(q))))",9,TRUE
f:07-nw:025-ml:06-0.trace,tree-suf,G(p),G(?1),0.17,G(p),2,TRUE
f:07-nw:400-ml:14-0.trace,tree-suf,G(p),?u1(p),103.32,G(p),2,TRUE
f:04-nw:010-ml:06-0.trace,tree-suf,F(p),F(?1),0.10,F(p),2,TRUE
f:06-nw:025-ml:06-0.trace,tree-suf,"G(&(p,->(!(q),U(!(q),&(r,!(q))))))","G(&(p,?b1(!(q),?b2(!(q),&(r,!(q))))))",3.10,"G(&(p,U(!(q),->(!(q),&(r,!(q))))))",13,TRUE
f:06-nw:400-ml:14-0.trace,tree-suf,"G(&(p,->(!(q),U(!(q),&(r,!(q))))))","G(&(p,->(!(q),U(!(q),?1))))",473.19,"G(&(p,->(!(q),U(!(q),F(r)))))",10,TRUE
f:01-nw:010-ml:14-0.trace,tree-suf,G(!(p)),G(!(?1)),0.37,G(!(p)),3,TRUE
f:06-nw:025-ml:06-0.trace,tree-suf-bmc,"G(&(p,->(!(q),U(!(q),&(r,!(q))))))","G(&(p,?b1(!(q),?b2(!(q),&(r,!(q))))))",2.68,"G(&(p,|(!(q),->(!(q),&(r,!(q))))))",13,TRUE
f:03-nw:400-ml:06-0.trace,tree-suf,"G(->(q,G(!(p))))","G(->(q,?1))",87.04,"G(->(q,G(!(p))))",4,TRUE
f:06-nw:050-ml:06-0.trace,tree-suf-bmc,"G(&(p,->(!(q),U(!(q),&(r,!(q))))))","G(&(p,?b1(!(q),?b2(!(q),&(r,!(q))))))",4.92,"G(&(p,U(!(q),->(!(q),&(r,!(q))))))",13,TRUE
f:03-nw:025-ml:14-0.trace,tree-suf,"G(->(q,G(!(p))))","?u1(->(q,?u1(!(p))))",6.28,"G(->(q,G(!(p))))",6,TRUE
f:07-nw:025-ml:14-0.trace,tree-suf-bmc,G(p),?u1(p),1.10,G(p),2,TRUE
f:07-nw:050-ml:14-0.trace,tree-suf-bmc,G(p),?u1(p),2.59,G(p),2,TRUE
f:08-nw:100-ml:10-0.trace,tree-suf,"->(F(q),U(p,q))","?b1(F(q),?b2(p,q))",26.93,"->(F(q),&(p,q))",6,TRUE
f:01-nw:200-ml:06-0.trace,tree-suf-bmc,G(!(p)),?u1(!(p)),4.63,G(!(p)),3,TRUE
f:09-nw:100-ml:10-0.trace,tree-suf,"G(->(q,G(p)))","G(->(q,?1))",19.99,"G(->(q,G(p)))",4,TRUE
f:02-nw:200-ml:10-0.trace,tree-suf-bmc,"->(F(q),U(!(p),q))","->(?1,U(!(p),q))",52.56,"->(F(q),U(!(p),q))",6,TRUE
f:08-nw:200-ml:10-0.trace,tree-suf-bmc,"->(F(q),U(p,q))","?b1(F(q),?b2(p,q))",57.30,"->(F(q),U(p,q))",6,TRUE
f:06-nw:100-ml:14-0.trace,tree-suf-bmc,"G(&(p,->(!(q),U(!(q),&(r,!(q))))))","G(&(p,->(!(q),U(!(q),?1))))",32.46,"G(&(p,->(!(q),U(!(q),p))))",10,TRUE
f:07-nw:400-ml:14-0.trace,tree-suf-bmc,G(p),?u1(p),96.60,G(p),2,TRUE
f:07-nw:010-ml:06-0.trace,tree-suf-bmc,G(p),?u1(p),0.15,G(p),2,TRUE
f:04-nw:010-ml:10-0.trace,tree-suf-bmc,F(p),F(?1),0.14,F(p),2,TRUE
f:06-nw:010-ml:10-0.trace,tree-suf,"G(&(p,->(!(q),U(!(q),&(r,!(q))))))","G(&(p,->(!(q),U(!(q),?1))))",1.46,"G(&(p,->(!(q),U(!(q),r))))",10,TRUE
f:04-nw:025-ml:10-0.trace,tree-suf,F(p),?u1(p),0.87,F(p),2,TRUE
f:08-nw:050-ml:10-0.trace,tree-suf-bmc,"->(F(q),U(p,q))","?b1(F(q),?b2(p,q))",7.75,"->(F(q),&(p,q))",6,TRUE
f:09-nw:050-ml:14-0.trace,tree-suf,"G(->(q,G(p)))","G(->(q,?1))",7.42,"G(->(q,p))",4,TRUE
f:02-nw:400-ml:10-0.trace,tree-suf-bmc,"->(F(q),U(!(p),q))","->(?1,U(!(p),q))",136.80,"->(F(q),U(!(p),q))",6,TRUE
f:08-nw:025-ml:10-0.trace,tree-suf-bmc,"->(F(q),U(p,q))","?b1(F(q),?b2(p,q))",3.33,"->(F(q),&(p,q))",6,TRUE
f:01-nw:400-ml:10-0.trace,tree-suf,G(!(p)),G(!(?1)),44.62,G(!(p)),3,TRUE
f:08-nw:050-ml:14-0.trace,tree-suf,"->(F(q),U(p,q))","?b1(F(q),?b2(p,q))",24.70,"->(F(q),&(p,q))",6,TRUE
f:01-nw:400-ml:06-0.trace,tree-suf-bmc,G(!(p)),?u1(!(p)),15.04,G(!(p)),3,TRUE
f:03-nw:100-ml:10-0.trace,tree-suf-bmc,"G(->(q,G(!(p))))","?u1(->(q,?u1(!(p))))",16.90,"G(->(q,G(!(p))))",6,TRUE
f:07-nw:010-ml:10-0.trace,tree-suf,G(p),?u1(p),0.35,G(p),2,TRUE
f:05-nw:025-ml:10-0.trace,tree-suf,"|(G(!(p)),F(&(p,F(q))))","|(?1,F(&(p,F(q))))",4.38,"|(G(p),F(&(p,F(q))))",7,TRUE
f:01-nw:010-ml:14-0.trace,tree-suf-bmc,G(!(p)),?u1(!(p)),0.48,G(!(p)),3,TRUE
f:01-nw:025-ml:06-0.trace,tree-suf-bmc,G(!(p)),?u1(!(p)),0.35,G(!(p)),3,TRUE
f:01-nw:050-ml:06-0.trace,tree-suf-bmc,G(!(p)),?u1(!(p)),0.59,G(!(p)),3,TRUE
f:09-nw:100-ml:10-0.trace,tree-suf-bmc,"G(->(q,G(p)))","G(->(q,?1))",16.43,"G(->(q,G(p)))",4,TRUE
f:07-nw:200-ml:14-0.trace,tree-suf-bmc,G(p),?u1(p),27.05,G(p),2,TRUE
f:02-nw:050-ml:10-0.trace,tree-suf-bmc,"->(F(q),U(!(p),q))","->(?1,U(!(p),q))",7.03,"->(F(q),U(!(p),q))",6,TRUE
f:08-nw:400-ml:10-0.trace,tree-suf-bmc,"->(F(q),U(p,q))","?b1(F(q),?b2(p,q))",145.44,"->(F(q),U(p,q))",6,TRUE
f:02-nw:025-ml:10-0.trace,tree-suf-bmc,"->(F(q),U(!(p),q))","->(?1,U(!(p),q))",3.36,"->(F(q),U(!(p),q))",6,TRUE
f:03-nw:400-ml:14-0.trace,tree-suf,"G(->(q,G(!(p))))","?u1(->(q,?u1(!(p))))",388.13,"G(->(q,G(!(p))))",6,TRUE
f:03-nw:025-ml:06-0.trace,tree-suf,"G(->(q,G(!(p))))","G(->(q,?1))",3.77,"G(->(q,G(!(p))))",4,TRUE
f:01-nw:010-ml:06-0.trace,tree-suf,G(!(p)),?u1(!(p)),0.19,G(!(p)),3,TRUE
f:06-nw:025-ml:14-0.trace,tree-suf,"G(&(p,->(!(q),U(!(q),&(r,!(q))))))","G(&(p,->(!(q),U(!(q),?1))))",8.25,"G(&(p,->(!(q),U(!(q),p))))",10,TRUE
f:06-nw:400-ml:06-0.trace,tree-suf,"G(&(p,->(!(q),U(!(q),&(r,!(q))))))","G(&(p,?b1(!(q),?b2(!(q),&(r,!(q))))))",61.31,"G(&(p,?b1(!(q),?b2(!(q),&(r,!(q))))))",13,NA
f:04-nw:010-ml:14-0.trace,tree-suf,F(p),?u1(p),0.55,F(p),2,TRUE
f:07-nw:025-ml:14-0.trace,tree-suf,G(p),?u1(p),1.43,G(p),2,TRUE
f:07-nw:400-ml:06-0.trace,tree-suf,G(p),G(?1),15.61,G(p),2,TRUE
f:05-nw:010-ml:14-0.trace,tree-suf,"|(G(!(p)),F(&(p,F(q))))","|(?1,F(&(p,F(q))))",3.13,"|(G(q),F(&(p,F(q))))",7,TRUE
f:02-nw:400-ml:14-0.trace,tree-suf,"->(F(q),U(!(p),q))","->(?1,U(!(p),q))",349.57,"->(F(q),U(!(p),q))",6,TRUE
f:02-nw:025-ml:06-0.trace,tree-suf,"->(F(q),U(!(p),q))","?b1(F(q),?b2(!(p),q))",1.76,"->(F(q),&(!(p),q))",7,TRUE
f:05-nw:200-ml:10-0.trace,tree-suf-bmc,"|(G(!(p)),F(&(p,F(q))))","|(?1,F(&(p,F(q))))",52.16,"|(G(p),F(&(p,F(q))))",7,TRUE
f:06-nw:200-ml:06-0.trace,tree-suf-bmc,"G(&(p,->(!(q),U(!(q),&(r,!(q))))))","G(&(p,?b1(!(q),?b2(!(q),&(r,!(q))))))",27.15,"G(&(p,->(!(q),U(!(q),&(r,!(q))))))",13,TRUE
f:09-nw:010-ml:10-0.trace,tree-suf-bmc,"G(->(q,G(p)))","?u1(->(q,?u1(p)))",1.12,"G(->(q,G(p)))",5,TRUE
f:08-nw:200-ml:10-0.trace,tree-suf,"->(F(q),U(p,q))","?b1(F(q),?b2(p,q))",73.90,"->(F(q),U(p,q))",6,TRUE
f:09-nw:200-ml:10-0.trace,tree-suf,"G(->(q,G(p)))","G(->(q,?1))",56.05,"G(->(q,G(p)))",4,TRUE
f:01-nw:100-ml:14-0.trace,tree-suf-bmc,G(!(p)),G(!(?1)),6.71,G(!(p)),3,TRUE
f:03-nw:010-ml:10-0.trace,tree-suf-bmc,"G(->(q,G(!(p))))","G(->(q,?1))",1.39,"G(->(q,!(p)))",4,TRUE
